areaname,country,devname,lat,lon,flag,year,value
Asia,China,All,35,105,https://restcountries.eu/data/chn.svg,1980,5123
Asia,China,All,35,105,https://restcountries.eu/data/chn.svg,1981,6682
Asia,China,All,35,105,https://restcountries.eu/data/chn.svg,1982,3308
Asia,China,All,35,105,https://restcountries.eu/data/chn.svg,1983,1863
Asia,China,All,35,105,https://restcountries.eu/data/chn.svg,1984,1527
Asia,China,All,35,105,https://restcountries.eu/data/chn.svg,1985,1816
Asia,China,All,35,105,https://restcountries.eu/data/chn.svg,1986,1960
Asia,China,All,35,105,https://restcountries.eu/data/chn.svg,1987,2643
Asia,China,All,35,105,https://restcountries.eu/data/chn.svg,1988,2758
Asia,China,All,35,105,https://restcountries.eu/data/chn.svg,1989,4323
Asia,China,All,35,105,https://restcountries.eu/data/chn.svg,1990,8076
Asia,China,All,35,105,https://restcountries.eu/data/chn.svg,1991,14255
Asia,China,All,35,105,https://restcountries.eu/data/chn.svg,1992,10846
Asia,China,All,35,105,https://restcountries.eu/data/chn.svg,1993,9817
Asia,China,All,35,105,https://restcountries.eu/data/chn.svg,1994,13128
Asia,China,All,35,105,https://restcountries.eu/data/chn.svg,1995,14398
Asia,China,All,35,105,https://restcountries.eu/data/chn.svg,1996,19415
Asia,China,All,35,105,https://restcountries.eu/data/chn.svg,1997,20475
Asia,China,All,35,105,https://restcountries.eu/data/chn.svg,1998,21049
Asia,China,All,35,105,https://restcountries.eu/data/chn.svg,1999,30069
Asia,China,All,35,105,https://restcountries.eu/data/chn.svg,2000,35529
Asia,China,All,35,105,https://restcountries.eu/data/chn.svg,2001,36434
Asia,China,All,35,105,https://restcountries.eu/data/chn.svg,2002,31961
Asia,China,All,35,105,https://restcountries.eu/data/chn.svg,2003,36439
Asia,China,All,35,105,https://restcountries.eu/data/chn.svg,2004,36619
Asia,China,All,35,105,https://restcountries.eu/data/chn.svg,2005,42584
Asia,China,All,35,105,https://restcountries.eu/data/chn.svg,2006,33518
Asia,China,All,35,105,https://restcountries.eu/data/chn.svg,2007,27642
Asia,China,All,35,105,https://restcountries.eu/data/chn.svg,2008,30037
Asia,China,All,35,105,https://restcountries.eu/data/chn.svg,2009,29622
Asia,China,All,35,105,https://restcountries.eu/data/chn.svg,2010,30391
Asia,China,All,35,105,https://restcountries.eu/data/chn.svg,2011,28502
Asia,China,All,35,105,https://restcountries.eu/data/chn.svg,2012,33024
Asia,China,All,35,105,https://restcountries.eu/data/chn.svg,2013,34129
Asia,Republic of Korea,All,37,127.5,https://restcountries.eu/data/kor.svg,1980,1011
Asia,Republic of Korea,All,37,127.5,https://restcountries.eu/data/kor.svg,1981,1456
Asia,Republic of Korea,All,37,127.5,https://restcountries.eu/data/kor.svg,1982,1572
Asia,Republic of Korea,All,37,127.5,https://restcountries.eu/data/kor.svg,1983,1081
Asia,Republic of Korea,All,37,127.5,https://restcountries.eu/data/kor.svg,1984,847
Asia,Republic of Korea,All,37,127.5,https://restcountries.eu/data/kor.svg,1985,962
Asia,Republic of Korea,All,37,127.5,https://restcountries.eu/data/kor.svg,1986,1208
Asia,Republic of Korea,All,37,127.5,https://restcountries.eu/data/kor.svg,1987,2338
Asia,Republic of Korea,All,37,127.5,https://restcountries.eu/data/kor.svg,1988,2805
Asia,Republic of Korea,All,37,127.5,https://restcountries.eu/data/kor.svg,1989,2979
Asia,Republic of Korea,All,37,127.5,https://restcountries.eu/data/kor.svg,1990,2087
Asia,Republic of Korea,All,37,127.5,https://restcountries.eu/data/kor.svg,1991,2598
Asia,Republic of Korea,All,37,127.5,https://restcountries.eu/data/kor.svg,1992,3790
Asia,Republic of Korea,All,37,127.5,https://restcountries.eu/data/kor.svg,1993,3819
Asia,Republic of Korea,All,37,127.5,https://restcountries.eu/data/kor.svg,1994,3005
Asia,Republic of Korea,All,37,127.5,https://restcountries.eu/data/kor.svg,1995,3501
Asia,Republic of Korea,All,37,127.5,https://restcountries.eu/data/kor.svg,1996,3250
Asia,Republic of Korea,All,37,127.5,https://restcountries.eu/data/kor.svg,1997,4093
Asia,Republic of Korea,All,37,127.5,https://restcountries.eu/data/kor.svg,1998,4938
Asia,Republic of Korea,All,37,127.5,https://restcountries.eu/data/kor.svg,1999,7108
Asia,Republic of Korea,All,37,127.5,https://restcountries.eu/data/kor.svg,2000,7618
Asia,Republic of Korea,All,37,127.5,https://restcountries.eu/data/kor.svg,2001,9619
Asia,Republic of Korea,All,37,127.5,https://restcountries.eu/data/kor.svg,2002,7342
Asia,Republic of Korea,All,37,127.5,https://restcountries.eu/data/kor.svg,2003,7117
Asia,Republic of Korea,All,37,127.5,https://restcountries.eu/data/kor.svg,2004,5352
Asia,Republic of Korea,All,37,127.5,https://restcountries.eu/data/kor.svg,2005,5832
Asia,Republic of Korea,All,37,127.5,https://restcountries.eu/data/kor.svg,2006,6215
Asia,Republic of Korea,All,37,127.5,https://restcountries.eu/data/kor.svg,2007,5920
Asia,Republic of Korea,All,37,127.5,https://restcountries.eu/data/kor.svg,2008,7294
Asia,Republic of Korea,All,37,127.5,https://restcountries.eu/data/kor.svg,2009,5874
Asia,Republic of Korea,All,37,127.5,https://restcountries.eu/data/kor.svg,2010,5537
Asia,Republic of Korea,All,37,127.5,https://restcountries.eu/data/kor.svg,2011,4588
Asia,Republic of Korea,All,37,127.5,https://restcountries.eu/data/kor.svg,2012,5316
Asia,Republic of Korea,All,37,127.5,https://restcountries.eu/data/kor.svg,2013,4509
Asia,Philippines,All,13,122,https://restcountries.eu/data/phl.svg,1980,6051
Asia,Philippines,All,13,122,https://restcountries.eu/data/phl.svg,1981,5921
Asia,Philippines,All,13,122,https://restcountries.eu/data/phl.svg,1982,5249
Asia,Philippines,All,13,122,https://restcountries.eu/data/phl.svg,1983,4562
Asia,Philippines,All,13,122,https://restcountries.eu/data/phl.svg,1984,3801
Asia,Philippines,All,13,122,https://restcountries.eu/data/phl.svg,1985,3150
Asia,Philippines,All,13,122,https://restcountries.eu/data/phl.svg,1986,4166
Asia,Philippines,All,13,122,https://restcountries.eu/data/phl.svg,1987,7360
Asia,Philippines,All,13,122,https://restcountries.eu/data/phl.svg,1988,8639
Asia,Philippines,All,13,122,https://restcountries.eu/data/phl.svg,1989,11865
Asia,Philippines,All,13,122,https://restcountries.eu/data/phl.svg,1990,12509
Asia,Philippines,All,13,122,https://restcountries.eu/data/phl.svg,1991,12718
Asia,Philippines,All,13,122,https://restcountries.eu/data/phl.svg,1992,13670
Asia,Philippines,All,13,122,https://restcountries.eu/data/phl.svg,1993,20479
Asia,Philippines,All,13,122,https://restcountries.eu/data/phl.svg,1994,19532
Asia,Philippines,All,13,122,https://restcountries.eu/data/phl.svg,1995,15864
Asia,Philippines,All,13,122,https://restcountries.eu/data/phl.svg,1996,13692
Asia,Philippines,All,13,122,https://restcountries.eu/data/phl.svg,1997,11549
Asia,Philippines,All,13,122,https://restcountries.eu/data/phl.svg,1998,8735
Asia,Philippines,All,13,122,https://restcountries.eu/data/phl.svg,1999,9734
Asia,Philippines,All,13,122,https://restcountries.eu/data/phl.svg,2000,10763
Asia,Philippines,All,13,122,https://restcountries.eu/data/phl.svg,2001,13836
Asia,Philippines,All,13,122,https://restcountries.eu/data/phl.svg,2002,11707
Asia,Philippines,All,13,122,https://restcountries.eu/data/phl.svg,2003,12758
Asia,Philippines,All,13,122,https://restcountries.eu/data/phl.svg,2004,14004
Asia,Philippines,All,13,122,https://restcountries.eu/data/phl.svg,2005,18139
Asia,Philippines,All,13,122,https://restcountries.eu/data/phl.svg,2006,18400
Asia,Philippines,All,13,122,https://restcountries.eu/data/phl.svg,2007,19837
Asia,Philippines,All,13,122,https://restcountries.eu/data/phl.svg,2008,24887
Asia,Philippines,All,13,122,https://restcountries.eu/data/phl.svg,2009,28573
Asia,Philippines,All,13,122,https://restcountries.eu/data/phl.svg,2010,38617
Asia,Philippines,All,13,122,https://restcountries.eu/data/phl.svg,2011,36765
Asia,Philippines,All,13,122,https://restcountries.eu/data/phl.svg,2012,34315
Asia,Philippines,All,13,122,https://restcountries.eu/data/phl.svg,2013,29544
Asia,India,All,20,77,https://restcountries.eu/data/ind.svg,1980,8880
Asia,India,All,20,77,https://restcountries.eu/data/ind.svg,1981,8670
Asia,India,All,20,77,https://restcountries.eu/data/ind.svg,1982,8147
Asia,India,All,20,77,https://restcountries.eu/data/ind.svg,1983,7338
Asia,India,All,20,77,https://restcountries.eu/data/ind.svg,1984,5704
Asia,India,All,20,77,https://restcountries.eu/data/ind.svg,1985,4211
Asia,India,All,20,77,https://restcountries.eu/data/ind.svg,1986,7150
Asia,India,All,20,77,https://restcountries.eu/data/ind.svg,1987,10189
Asia,India,All,20,77,https://restcountries.eu/data/ind.svg,1988,11522
Asia,India,All,20,77,https://restcountries.eu/data/ind.svg,1989,10343
Asia,India,All,20,77,https://restcountries.eu/data/ind.svg,1990,12041
Asia,India,All,20,77,https://restcountries.eu/data/ind.svg,1991,13734
Asia,India,All,20,77,https://restcountries.eu/data/ind.svg,1992,13673
Asia,India,All,20,77,https://restcountries.eu/data/ind.svg,1993,21496
Asia,India,All,20,77,https://restcountries.eu/data/ind.svg,1994,18620
Asia,India,All,20,77,https://restcountries.eu/data/ind.svg,1995,18489
Asia,India,All,20,77,https://restcountries.eu/data/ind.svg,1996,23859
Asia,India,All,20,77,https://restcountries.eu/data/ind.svg,1997,22268
Asia,India,All,20,77,https://restcountries.eu/data/ind.svg,1998,17241
Asia,India,All,20,77,https://restcountries.eu/data/ind.svg,1999,18974
Asia,India,All,20,77,https://restcountries.eu/data/ind.svg,2000,28572
Asia,India,All,20,77,https://restcountries.eu/data/ind.svg,2001,31223
Asia,India,All,20,77,https://restcountries.eu/data/ind.svg,2002,31889
Asia,India,All,20,77,https://restcountries.eu/data/ind.svg,2003,27155
Asia,India,All,20,77,https://restcountries.eu/data/ind.svg,2004,28235
Asia,India,All,20,77,https://restcountries.eu/data/ind.svg,2005,36210
Asia,India,All,20,77,https://restcountries.eu/data/ind.svg,2006,33848
Asia,India,All,20,77,https://restcountries.eu/data/ind.svg,2007,28742
Asia,India,All,20,77,https://restcountries.eu/data/ind.svg,2008,28261
Asia,India,All,20,77,https://restcountries.eu/data/ind.svg,2009,29456
Asia,India,All,20,77,https://restcountries.eu/data/ind.svg,2010,34235
Asia,India,All,20,77,https://restcountries.eu/data/ind.svg,2011,27509
Asia,India,All,20,77,https://restcountries.eu/data/ind.svg,2012,30933
Asia,India,All,20,77,https://restcountries.eu/data/ind.svg,2013,33087
Asia,Iran (Islamic Republic of),All,32,53,https://restcountries.eu/data/irn.svg,1980,1172
Asia,Iran (Islamic Republic of),All,32,53,https://restcountries.eu/data/irn.svg,1981,1429
Asia,Iran (Islamic Republic of),All,32,53,https://restcountries.eu/data/irn.svg,1982,1822
Asia,Iran (Islamic Republic of),All,32,53,https://restcountries.eu/data/irn.svg,1983,1592
Asia,Iran (Islamic Republic of),All,32,53,https://restcountries.eu/data/irn.svg,1984,1977
Asia,Iran (Islamic Republic of),All,32,53,https://restcountries.eu/data/irn.svg,1985,1648
Asia,Iran (Islamic Republic of),All,32,53,https://restcountries.eu/data/irn.svg,1986,1794
Asia,Iran (Islamic Republic of),All,32,53,https://restcountries.eu/data/irn.svg,1987,2989
Asia,Iran (Islamic Republic of),All,32,53,https://restcountries.eu/data/irn.svg,1988,3273
Asia,Iran (Islamic Republic of),All,32,53,https://restcountries.eu/data/irn.svg,1989,3781
Asia,Iran (Islamic Republic of),All,32,53,https://restcountries.eu/data/irn.svg,1990,3655
Asia,Iran (Islamic Republic of),All,32,53,https://restcountries.eu/data/irn.svg,1991,6250
Asia,Iran (Islamic Republic of),All,32,53,https://restcountries.eu/data/irn.svg,1992,6814
Asia,Iran (Islamic Republic of),All,32,53,https://restcountries.eu/data/irn.svg,1993,3959
Asia,Iran (Islamic Republic of),All,32,53,https://restcountries.eu/data/irn.svg,1994,2785
Asia,Iran (Islamic Republic of),All,32,53,https://restcountries.eu/data/irn.svg,1995,3956
Asia,Iran (Islamic Republic of),All,32,53,https://restcountries.eu/data/irn.svg,1996,6205
Asia,Iran (Islamic Republic of),All,32,53,https://restcountries.eu/data/irn.svg,1997,7982
Asia,Iran (Islamic Republic of),All,32,53,https://restcountries.eu/data/irn.svg,1998,7057
Asia,Iran (Islamic Republic of),All,32,53,https://restcountries.eu/data/irn.svg,1999,6208
Asia,Iran (Islamic Republic of),All,32,53,https://restcountries.eu/data/irn.svg,2000,5884
Asia,Iran (Islamic Republic of),All,32,53,https://restcountries.eu/data/irn.svg,2001,6169
Asia,Iran (Islamic Republic of),All,32,53,https://restcountries.eu/data/irn.svg,2002,8129
Asia,Iran (Islamic Republic of),All,32,53,https://restcountries.eu/data/irn.svg,2003,5918
Asia,Iran (Islamic Republic of),All,32,53,https://restcountries.eu/data/irn.svg,2004,6348
Asia,Iran (Islamic Republic of),All,32,53,https://restcountries.eu/data/irn.svg,2005,5837
Asia,Iran (Islamic Republic of),All,32,53,https://restcountries.eu/data/irn.svg,2006,7480
Asia,Iran (Islamic Republic of),All,32,53,https://restcountries.eu/data/irn.svg,2007,6974
Asia,Iran (Islamic Republic of),All,32,53,https://restcountries.eu/data/irn.svg,2008,6475
Asia,Iran (Islamic Republic of),All,32,53,https://restcountries.eu/data/irn.svg,2009,6580
Asia,Iran (Islamic Republic of),All,32,53,https://restcountries.eu/data/irn.svg,2010,7477
Asia,Iran (Islamic Republic of),All,32,53,https://restcountries.eu/data/irn.svg,2011,7479
Asia,Iran (Islamic Republic of),All,32,53,https://restcountries.eu/data/irn.svg,2012,7534
Asia,Iran (Islamic Republic of),All,32,53,https://restcountries.eu/data/irn.svg,2013,11291
Asia,Pakistan,All,30,70,https://restcountries.eu/data/pak.svg,1980,978
Asia,Pakistan,All,30,70,https://restcountries.eu/data/pak.svg,1981,972
Asia,Pakistan,All,30,70,https://restcountries.eu/data/pak.svg,1982,1201
Asia,Pakistan,All,30,70,https://restcountries.eu/data/pak.svg,1983,900
Asia,Pakistan,All,30,70,https://restcountries.eu/data/pak.svg,1984,668
Asia,Pakistan,All,30,70,https://restcountries.eu/data/pak.svg,1985,514
Asia,Pakistan,All,30,70,https://restcountries.eu/data/pak.svg,1986,691
Asia,Pakistan,All,30,70,https://restcountries.eu/data/pak.svg,1987,1072
Asia,Pakistan,All,30,70,https://restcountries.eu/data/pak.svg,1988,1334
Asia,Pakistan,All,30,70,https://restcountries.eu/data/pak.svg,1989,2261
Asia,Pakistan,All,30,70,https://restcountries.eu/data/pak.svg,1990,2470
Asia,Pakistan,All,30,70,https://restcountries.eu/data/pak.svg,1991,3079
Asia,Pakistan,All,30,70,https://restcountries.eu/data/pak.svg,1992,4071
Asia,Pakistan,All,30,70,https://restcountries.eu/data/pak.svg,1993,4777
Asia,Pakistan,All,30,70,https://restcountries.eu/data/pak.svg,1994,4666
Asia,Pakistan,All,30,70,https://restcountries.eu/data/pak.svg,1995,4994
Asia,Pakistan,All,30,70,https://restcountries.eu/data/pak.svg,1996,9125
Asia,Pakistan,All,30,70,https://restcountries.eu/data/pak.svg,1997,13073
Asia,Pakistan,All,30,70,https://restcountries.eu/data/pak.svg,1998,9068
Asia,Pakistan,All,30,70,https://restcountries.eu/data/pak.svg,1999,9979
Asia,Pakistan,All,30,70,https://restcountries.eu/data/pak.svg,2000,15400
Asia,Pakistan,All,30,70,https://restcountries.eu/data/pak.svg,2001,16708
Asia,Pakistan,All,30,70,https://restcountries.eu/data/pak.svg,2002,15110
Asia,Pakistan,All,30,70,https://restcountries.eu/data/pak.svg,2003,13205
Asia,Pakistan,All,30,70,https://restcountries.eu/data/pak.svg,2004,13399
Asia,Pakistan,All,30,70,https://restcountries.eu/data/pak.svg,2005,14314
Asia,Pakistan,All,30,70,https://restcountries.eu/data/pak.svg,2006,13127
Asia,Pakistan,All,30,70,https://restcountries.eu/data/pak.svg,2007,10124
Asia,Pakistan,All,30,70,https://restcountries.eu/data/pak.svg,2008,8994
Asia,Pakistan,All,30,70,https://restcountries.eu/data/pak.svg,2009,7217
Asia,Pakistan,All,30,70,https://restcountries.eu/data/pak.svg,2010,6811
Asia,Pakistan,All,30,70,https://restcountries.eu/data/pak.svg,2011,7468
Asia,Pakistan,All,30,70,https://restcountries.eu/data/pak.svg,2012,11227
Asia,Pakistan,All,30,70,https://restcountries.eu/data/pak.svg,2013,12603
Asia,Sri Lanka,All,7,81,https://restcountries.eu/data/lka.svg,1980,185
Asia,Sri Lanka,All,7,81,https://restcountries.eu/data/lka.svg,1981,371
Asia,Sri Lanka,All,7,81,https://restcountries.eu/data/lka.svg,1982,290
Asia,Sri Lanka,All,7,81,https://restcountries.eu/data/lka.svg,1983,197
Asia,Sri Lanka,All,7,81,https://restcountries.eu/data/lka.svg,1984,1086
Asia,Sri Lanka,All,7,81,https://restcountries.eu/data/lka.svg,1985,845
Asia,Sri Lanka,All,7,81,https://restcountries.eu/data/lka.svg,1986,1838
Asia,Sri Lanka,All,7,81,https://restcountries.eu/data/lka.svg,1987,4447
Asia,Sri Lanka,All,7,81,https://restcountries.eu/data/lka.svg,1988,2779
Asia,Sri Lanka,All,7,81,https://restcountries.eu/data/lka.svg,1989,2758
Asia,Sri Lanka,All,7,81,https://restcountries.eu/data/lka.svg,1990,3525
Asia,Sri Lanka,All,7,81,https://restcountries.eu/data/lka.svg,1991,7266
Asia,Sri Lanka,All,7,81,https://restcountries.eu/data/lka.svg,1992,13102
Asia,Sri Lanka,All,7,81,https://restcountries.eu/data/lka.svg,1993,9563
Asia,Sri Lanka,All,7,81,https://restcountries.eu/data/lka.svg,1994,7150
Asia,Sri Lanka,All,7,81,https://restcountries.eu/data/lka.svg,1995,9368
Asia,Sri Lanka,All,7,81,https://restcountries.eu/data/lka.svg,1996,6484
Asia,Sri Lanka,All,7,81,https://restcountries.eu/data/lka.svg,1997,5415
Asia,Sri Lanka,All,7,81,https://restcountries.eu/data/lka.svg,1998,3566
Asia,Sri Lanka,All,7,81,https://restcountries.eu/data/lka.svg,1999,4982
Asia,Sri Lanka,All,7,81,https://restcountries.eu/data/lka.svg,2000,6081
Asia,Sri Lanka,All,7,81,https://restcountries.eu/data/lka.svg,2001,5861
Asia,Sri Lanka,All,7,81,https://restcountries.eu/data/lka.svg,2002,5279
Asia,Sri Lanka,All,7,81,https://restcountries.eu/data/lka.svg,2003,4892
Asia,Sri Lanka,All,7,81,https://restcountries.eu/data/lka.svg,2004,4495
Asia,Sri Lanka,All,7,81,https://restcountries.eu/data/lka.svg,2005,4930
Asia,Sri Lanka,All,7,81,https://restcountries.eu/data/lka.svg,2006,4714
Asia,Sri Lanka,All,7,81,https://restcountries.eu/data/lka.svg,2007,4123
Asia,Sri Lanka,All,7,81,https://restcountries.eu/data/lka.svg,2008,4756
Asia,Sri Lanka,All,7,81,https://restcountries.eu/data/lka.svg,2009,4547
Asia,Sri Lanka,All,7,81,https://restcountries.eu/data/lka.svg,2010,4422
Asia,Sri Lanka,All,7,81,https://restcountries.eu/data/lka.svg,2011,3309
Asia,Sri Lanka,All,7,81,https://restcountries.eu/data/lka.svg,2012,3338
Asia,Sri Lanka,All,7,81,https://restcountries.eu/data/lka.svg,2013,2394
Europe,Poland,All,52,20,https://restcountries.eu/data/pol.svg,1980,863
Europe,Poland,All,52,20,https://restcountries.eu/data/pol.svg,1981,2930
Europe,Poland,All,52,20,https://restcountries.eu/data/pol.svg,1982,5881
Europe,Poland,All,52,20,https://restcountries.eu/data/pol.svg,1983,4546
Europe,Poland,All,52,20,https://restcountries.eu/data/pol.svg,1984,3588
Europe,Poland,All,52,20,https://restcountries.eu/data/pol.svg,1985,2819
Europe,Poland,All,52,20,https://restcountries.eu/data/pol.svg,1986,4808
Europe,Poland,All,52,20,https://restcountries.eu/data/pol.svg,1987,6931
Europe,Poland,All,52,20,https://restcountries.eu/data/pol.svg,1988,9211
Europe,Poland,All,52,20,https://restcountries.eu/data/pol.svg,1989,16025
Europe,Poland,All,52,20,https://restcountries.eu/data/pol.svg,1990,17040
Europe,Poland,All,52,20,https://restcountries.eu/data/pol.svg,1991,16028
Europe,Poland,All,52,20,https://restcountries.eu/data/pol.svg,1992,12145
Europe,Poland,All,52,20,https://restcountries.eu/data/pol.svg,1993,6960
Europe,Poland,All,52,20,https://restcountries.eu/data/pol.svg,1994,3550
Europe,Poland,All,52,20,https://restcountries.eu/data/pol.svg,1995,2405
Europe,Poland,All,52,20,https://restcountries.eu/data/pol.svg,1996,2136
Europe,Poland,All,52,20,https://restcountries.eu/data/pol.svg,1997,1758
Europe,Poland,All,52,20,https://restcountries.eu/data/pol.svg,1998,1488
Europe,Poland,All,52,20,https://restcountries.eu/data/pol.svg,1999,1354
Europe,Poland,All,52,20,https://restcountries.eu/data/pol.svg,2000,1471
Europe,Poland,All,52,20,https://restcountries.eu/data/pol.svg,2001,1601
Europe,Poland,All,52,20,https://restcountries.eu/data/pol.svg,2002,1447
Europe,Poland,All,52,20,https://restcountries.eu/data/pol.svg,2003,1394
Europe,Poland,All,52,20,https://restcountries.eu/data/pol.svg,2004,1533
Europe,Poland,All,52,20,https://restcountries.eu/data/pol.svg,2005,1405
Europe,Poland,All,52,20,https://restcountries.eu/data/pol.svg,2006,1263
Europe,Poland,All,52,20,https://restcountries.eu/data/pol.svg,2007,1235
Europe,Poland,All,52,20,https://restcountries.eu/data/pol.svg,2008,1267
Europe,Poland,All,52,20,https://restcountries.eu/data/pol.svg,2009,1013
Europe,Poland,All,52,20,https://restcountries.eu/data/pol.svg,2010,795
Europe,Poland,All,52,20,https://restcountries.eu/data/pol.svg,2011,720
Europe,Poland,All,52,20,https://restcountries.eu/data/pol.svg,2012,779
Europe,Poland,All,52,20,https://restcountries.eu/data/pol.svg,2013,852
Europe,United Kingdom of Great Britain and Northern Ireland,All,54,-2,https://restcountries.eu/data/gbr.svg,1980,22045
Europe,United Kingdom of Great Britain and Northern Ireland,All,54,-2,https://restcountries.eu/data/gbr.svg,1981,24796
Europe,United Kingdom of Great Britain and Northern Ireland,All,54,-2,https://restcountries.eu/data/gbr.svg,1982,20620
Europe,United Kingdom of Great Britain and Northern Ireland,All,54,-2,https://restcountries.eu/data/gbr.svg,1983,10015
Europe,United Kingdom of Great Britain and Northern Ireland,All,54,-2,https://restcountries.eu/data/gbr.svg,1984,10170
Europe,United Kingdom of Great Britain and Northern Ireland,All,54,-2,https://restcountries.eu/data/gbr.svg,1985,9564
Europe,United Kingdom of Great Britain and Northern Ireland,All,54,-2,https://restcountries.eu/data/gbr.svg,1986,9470
Europe,United Kingdom of Great Britain and Northern Ireland,All,54,-2,https://restcountries.eu/data/gbr.svg,1987,21337
Europe,United Kingdom of Great Britain and Northern Ireland,All,54,-2,https://restcountries.eu/data/gbr.svg,1988,27359
Europe,United Kingdom of Great Britain and Northern Ireland,All,54,-2,https://restcountries.eu/data/gbr.svg,1989,23795
Europe,United Kingdom of Great Britain and Northern Ireland,All,54,-2,https://restcountries.eu/data/gbr.svg,1990,31668
Europe,United Kingdom of Great Britain and Northern Ireland,All,54,-2,https://restcountries.eu/data/gbr.svg,1991,23380
Europe,United Kingdom of Great Britain and Northern Ireland,All,54,-2,https://restcountries.eu/data/gbr.svg,1992,34123
Europe,United Kingdom of Great Britain and Northern Ireland,All,54,-2,https://restcountries.eu/data/gbr.svg,1993,33720
Europe,United Kingdom of Great Britain and Northern Ireland,All,54,-2,https://restcountries.eu/data/gbr.svg,1994,39231
Europe,United Kingdom of Great Britain and Northern Ireland,All,54,-2,https://restcountries.eu/data/gbr.svg,1995,30145
Europe,United Kingdom of Great Britain and Northern Ireland,All,54,-2,https://restcountries.eu/data/gbr.svg,1996,29322
Europe,United Kingdom of Great Britain and Northern Ireland,All,54,-2,https://restcountries.eu/data/gbr.svg,1997,22965
Europe,United Kingdom of Great Britain and Northern Ireland,All,54,-2,https://restcountries.eu/data/gbr.svg,1998,10367
Europe,United Kingdom of Great Britain and Northern Ireland,All,54,-2,https://restcountries.eu/data/gbr.svg,1999,7045
Europe,United Kingdom of Great Britain and Northern Ireland,All,54,-2,https://restcountries.eu/data/gbr.svg,2000,8840
Europe,United Kingdom of Great Britain and Northern Ireland,All,54,-2,https://restcountries.eu/data/gbr.svg,2001,11728
Europe,United Kingdom of Great Britain and Northern Ireland,All,54,-2,https://restcountries.eu/data/gbr.svg,2002,8046
Europe,United Kingdom of Great Britain and Northern Ireland,All,54,-2,https://restcountries.eu/data/gbr.svg,2003,6797
Europe,United Kingdom of Great Britain and Northern Ireland,All,54,-2,https://restcountries.eu/data/gbr.svg,2004,7533
Europe,United Kingdom of Great Britain and Northern Ireland,All,54,-2,https://restcountries.eu/data/gbr.svg,2005,7258
Europe,United Kingdom of Great Britain and Northern Ireland,All,54,-2,https://restcountries.eu/data/gbr.svg,2006,7140
Europe,United Kingdom of Great Britain and Northern Ireland,All,54,-2,https://restcountries.eu/data/gbr.svg,2007,8216
Europe,United Kingdom of Great Britain and Northern Ireland,All,54,-2,https://restcountries.eu/data/gbr.svg,2008,8979
Europe,United Kingdom of Great Britain and Northern Ireland,All,54,-2,https://restcountries.eu/data/gbr.svg,2009,8876
Europe,United Kingdom of Great Britain and Northern Ireland,All,54,-2,https://restcountries.eu/data/gbr.svg,2010,8724
Europe,United Kingdom of Great Britain and Northern Ireland,All,54,-2,https://restcountries.eu/data/gbr.svg,2011,6204
Europe,United Kingdom of Great Britain and Northern Ireland,All,54,-2,https://restcountries.eu/data/gbr.svg,2012,6195
Europe,United Kingdom of Great Britain and Northern Ireland,All,54,-2,https://restcountries.eu/data/gbr.svg,2013,5827
Northern America,United States of America,All,38,-97,https://restcountries.eu/data/usa.svg,1980,9378
Northern America,United States of America,All,38,-97,https://restcountries.eu/data/usa.svg,1981,10030
Northern America,United States of America,All,38,-97,https://restcountries.eu/data/usa.svg,1982,9074
Northern America,United States of America,All,38,-97,https://restcountries.eu/data/usa.svg,1983,7100
Northern America,United States of America,All,38,-97,https://restcountries.eu/data/usa.svg,1984,6661
Northern America,United States of America,All,38,-97,https://restcountries.eu/data/usa.svg,1985,6543
Northern America,United States of America,All,38,-97,https://restcountries.eu/data/usa.svg,1986,7074
Northern America,United States of America,All,38,-97,https://restcountries.eu/data/usa.svg,1987,7705
Northern America,United States of America,All,38,-97,https://restcountries.eu/data/usa.svg,1988,6469
Northern America,United States of America,All,38,-97,https://restcountries.eu/data/usa.svg,1989,6790
Northern America,United States of America,All,38,-97,https://restcountries.eu/data/usa.svg,1990,5892
Northern America,United States of America,All,38,-97,https://restcountries.eu/data/usa.svg,1991,6054
Northern America,United States of America,All,38,-97,https://restcountries.eu/data/usa.svg,1992,6842
Northern America,United States of America,All,38,-97,https://restcountries.eu/data/usa.svg,1993,7435
Northern America,United States of America,All,38,-97,https://restcountries.eu/data/usa.svg,1994,5901
Northern America,United States of America,All,38,-97,https://restcountries.eu/data/usa.svg,1995,4890
Northern America,United States of America,All,38,-97,https://restcountries.eu/data/usa.svg,1996,5515
Northern America,United States of America,All,38,-97,https://restcountries.eu/data/usa.svg,1997,4753
Northern America,United States of America,All,38,-97,https://restcountries.eu/data/usa.svg,1998,4437
Northern America,United States of America,All,38,-97,https://restcountries.eu/data/usa.svg,1999,5196
Northern America,United States of America,All,38,-97,https://restcountries.eu/data/usa.svg,2000,5433
Northern America,United States of America,All,38,-97,https://restcountries.eu/data/usa.svg,2001,5604
Northern America,United States of America,All,38,-97,https://restcountries.eu/data/usa.svg,2002,4948
Northern America,United States of America,All,38,-97,https://restcountries.eu/data/usa.svg,2003,5543
Northern America,United States of America,All,38,-97,https://restcountries.eu/data/usa.svg,2004,6990
Northern America,United States of America,All,38,-97,https://restcountries.eu/data/usa.svg,2005,8394
Northern America,United States of America,All,38,-97,https://restcountries.eu/data/usa.svg,2006,9613
Northern America,United States of America,All,38,-97,https://restcountries.eu/data/usa.svg,2007,9463
Northern America,United States of America,All,38,-97,https://restcountries.eu/data/usa.svg,2008,10190
Northern America,United States of America,All,38,-97,https://restcountries.eu/data/usa.svg,2009,8995
Northern America,United States of America,All,38,-97,https://restcountries.eu/data/usa.svg,2010,8142
Northern America,United States of America,All,38,-97,https://restcountries.eu/data/usa.svg,2011,7676
Northern America,United States of America,All,38,-97,https://restcountries.eu/data/usa.svg,2012,7891
Northern America,United States of America,All,38,-97,https://restcountries.eu/data/usa.svg,2013,8501
Asia,China,Developing regions,35,105,https://restcountries.eu/data/chn.svg,1980,5123
Asia,China,Developing regions,35,105,https://restcountries.eu/data/chn.svg,1981,6682
Asia,China,Developing regions,35,105,https://restcountries.eu/data/chn.svg,1982,3308
Asia,China,Developing regions,35,105,https://restcountries.eu/data/chn.svg,1983,1863
Asia,China,Developing regions,35,105,https://restcountries.eu/data/chn.svg,1984,1527
Asia,China,Developing regions,35,105,https://restcountries.eu/data/chn.svg,1985,1816
Asia,China,Developing regions,35,105,https://restcountries.eu/data/chn.svg,1986,1960
Asia,China,Developing regions,35,105,https://restcountries.eu/data/chn.svg,1987,2643
Asia,China,Developing regions,35,105,https://restcountries.eu/data/chn.svg,1988,2758
Asia,China,Developing regions,35,105,https://restcountries.eu/data/chn.svg,1989,4323
Asia,China,Developing regions,35,105,https://restcountries.eu/data/chn.svg,1990,8076
Asia,China,Developing regions,35,105,https://restcountries.eu/data/chn.svg,1991,14255
Asia,China,Developing regions,35,105,https://restcountries.eu/data/chn.svg,1992,10846
Asia,China,Developing regions,35,105,https://restcountries.eu/data/chn.svg,1993,9817
Asia,China,Developing regions,35,105,https://restcountries.eu/data/chn.svg,1994,13128
Asia,China,Developing regions,35,105,https://restcountries.eu/data/chn.svg,1995,14398
Asia,China,Developing regions,35,105,https://restcountries.eu/data/chn.svg,1996,19415
Asia,China,Developing regions,35,105,https://restcountries.eu/data/chn.svg,1997,20475
Asia,China,Developing regions,35,105,https://restcountries.eu/data/chn.svg,1998,21049
Asia,China,Developing regions,35,105,https://restcountries.eu/data/chn.svg,1999,30069
Asia,China,Developing regions,35,105,https://restcountries.eu/data/chn.svg,2000,35529
Asia,China,Developing regions,35,105,https://restcountries.eu/data/chn.svg,2001,36434
Asia,China,Developing regions,35,105,https://restcountries.eu/data/chn.svg,2002,31961
Asia,China,Developing regions,35,105,https://restcountries.eu/data/chn.svg,2003,36439
Asia,China,Developing regions,35,105,https://restcountries.eu/data/chn.svg,2004,36619
Asia,China,Developing regions,35,105,https://restcountries.eu/data/chn.svg,2005,42584
Asia,China,Developing regions,35,105,https://restcountries.eu/data/chn.svg,2006,33518
Asia,China,Developing regions,35,105,https://restcountries.eu/data/chn.svg,2007,27642
Asia,China,Developing regions,35,105,https://restcountries.eu/data/chn.svg,2008,30037
Asia,China,Developing regions,35,105,https://restcountries.eu/data/chn.svg,2009,29622
Asia,China,Developing regions,35,105,https://restcountries.eu/data/chn.svg,2010,30391
Asia,China,Developing regions,35,105,https://restcountries.eu/data/chn.svg,2011,28502
Asia,China,Developing regions,35,105,https://restcountries.eu/data/chn.svg,2012,33024
Asia,China,Developing regions,35,105,https://restcountries.eu/data/chn.svg,2013,34129
Europe,France,Developed regions,46,2,https://restcountries.eu/data/fra.svg,1980,1729
Europe,France,Developed regions,46,2,https://restcountries.eu/data/fra.svg,1981,2027
Europe,France,Developed regions,46,2,https://restcountries.eu/data/fra.svg,1982,2219
Europe,France,Developed regions,46,2,https://restcountries.eu/data/fra.svg,1983,1490
Europe,France,Developed regions,46,2,https://restcountries.eu/data/fra.svg,1984,1169
Europe,France,Developed regions,46,2,https://restcountries.eu/data/fra.svg,1985,1177
Europe,France,Developed regions,46,2,https://restcountries.eu/data/fra.svg,1986,1298
Europe,France,Developed regions,46,2,https://restcountries.eu/data/fra.svg,1987,1658
Europe,France,Developed regions,46,2,https://restcountries.eu/data/fra.svg,1988,2038
Europe,France,Developed regions,46,2,https://restcountries.eu/data/fra.svg,1989,2332
Europe,France,Developed regions,46,2,https://restcountries.eu/data/fra.svg,1990,2177
Europe,France,Developed regions,46,2,https://restcountries.eu/data/fra.svg,1991,2911
Europe,France,Developed regions,46,2,https://restcountries.eu/data/fra.svg,1992,3487
Europe,France,Developed regions,46,2,https://restcountries.eu/data/fra.svg,1993,3709
Europe,France,Developed regions,46,2,https://restcountries.eu/data/fra.svg,1994,2759
Europe,France,Developed regions,46,2,https://restcountries.eu/data/fra.svg,1995,3332
Europe,France,Developed regions,46,2,https://restcountries.eu/data/fra.svg,1996,2623
Europe,France,Developed regions,46,2,https://restcountries.eu/data/fra.svg,1997,2473
Europe,France,Developed regions,46,2,https://restcountries.eu/data/fra.svg,1998,3214
Europe,France,Developed regions,46,2,https://restcountries.eu/data/fra.svg,1999,3343
Europe,France,Developed regions,46,2,https://restcountries.eu/data/fra.svg,2000,3765
Europe,France,Developed regions,46,2,https://restcountries.eu/data/fra.svg,2001,3806
Europe,France,Developed regions,46,2,https://restcountries.eu/data/fra.svg,2002,3463
Europe,France,Developed regions,46,2,https://restcountries.eu/data/fra.svg,2003,3568
Europe,France,Developed regions,46,2,https://restcountries.eu/data/fra.svg,2004,4391
Europe,France,Developed regions,46,2,https://restcountries.eu/data/fra.svg,2005,4429
Europe,France,Developed regions,46,2,https://restcountries.eu/data/fra.svg,2006,4002
Europe,France,Developed regions,46,2,https://restcountries.eu/data/fra.svg,2007,4290
Europe,France,Developed regions,46,2,https://restcountries.eu/data/fra.svg,2008,4532
Europe,France,Developed regions,46,2,https://restcountries.eu/data/fra.svg,2009,5051
Europe,France,Developed regions,46,2,https://restcountries.eu/data/fra.svg,2010,4646
Europe,France,Developed regions,46,2,https://restcountries.eu/data/fra.svg,2011,4080
Europe,France,Developed regions,46,2,https://restcountries.eu/data/fra.svg,2012,6280
Europe,France,Developed regions,46,2,https://restcountries.eu/data/fra.svg,2013,5623
Europe,Germany,Developed regions,51,9,https://restcountries.eu/data/deu.svg,1980,1626
Europe,Germany,Developed regions,51,9,https://restcountries.eu/data/deu.svg,1981,1977
Europe,Germany,Developed regions,51,9,https://restcountries.eu/data/deu.svg,1982,3062
Europe,Germany,Developed regions,51,9,https://restcountries.eu/data/deu.svg,1983,2376
Europe,Germany,Developed regions,51,9,https://restcountries.eu/data/deu.svg,1984,1610
Europe,Germany,Developed regions,51,9,https://restcountries.eu/data/deu.svg,1985,1441
Europe,Germany,Developed regions,51,9,https://restcountries.eu/data/deu.svg,1986,1233
Europe,Germany,Developed regions,51,9,https://restcountries.eu/data/deu.svg,1987,1704
Europe,Germany,Developed regions,51,9,https://restcountries.eu/data/deu.svg,1988,1482
Europe,Germany,Developed regions,51,9,https://restcountries.eu/data/deu.svg,1989,1706
Europe,Germany,Developed regions,51,9,https://restcountries.eu/data/deu.svg,1990,1273
Europe,Germany,Developed regions,51,9,https://restcountries.eu/data/deu.svg,1991,1273
Europe,Germany,Developed regions,51,9,https://restcountries.eu/data/deu.svg,1992,1181
Europe,Germany,Developed regions,51,9,https://restcountries.eu/data/deu.svg,1993,1488
Europe,Germany,Developed regions,51,9,https://restcountries.eu/data/deu.svg,1994,1255
Europe,Germany,Developed regions,51,9,https://restcountries.eu/data/deu.svg,1995,1553
Europe,Germany,Developed regions,51,9,https://restcountries.eu/data/deu.svg,1996,1686
Europe,Germany,Developed regions,51,9,https://restcountries.eu/data/deu.svg,1997,1397
Europe,Germany,Developed regions,51,9,https://restcountries.eu/data/deu.svg,1998,1363
Europe,Germany,Developed regions,51,9,https://restcountries.eu/data/deu.svg,1999,1717
Europe,Germany,Developed regions,51,9,https://restcountries.eu/data/deu.svg,2000,1703
Europe,Germany,Developed regions,51,9,https://restcountries.eu/data/deu.svg,2001,1456
Europe,Germany,Developed regions,51,9,https://restcountries.eu/data/deu.svg,2002,1375
Europe,Germany,Developed regions,51,9,https://restcountries.eu/data/deu.svg,2003,1865
Europe,Germany,Developed regions,51,9,https://restcountries.eu/data/deu.svg,2004,2020
Europe,Germany,Developed regions,51,9,https://restcountries.eu/data/deu.svg,2005,2226
Europe,Germany,Developed regions,51,9,https://restcountries.eu/data/deu.svg,2006,2767
Europe,Germany,Developed regions,51,9,https://restcountries.eu/data/deu.svg,2007,2449
Europe,Germany,Developed regions,51,9,https://restcountries.eu/data/deu.svg,2008,3833
Europe,Germany,Developed regions,51,9,https://restcountries.eu/data/deu.svg,2009,3887
Europe,Germany,Developed regions,51,9,https://restcountries.eu/data/deu.svg,2010,2956
Europe,Germany,Developed regions,51,9,https://restcountries.eu/data/deu.svg,2011,2053
Europe,Germany,Developed regions,51,9,https://restcountries.eu/data/deu.svg,2012,1702
Europe,Germany,Developed regions,51,9,https://restcountries.eu/data/deu.svg,2013,1217
Asia,India,Developing regions,20,77,https://restcountries.eu/data/ind.svg,1980,8880
Asia,India,Developing regions,20,77,https://restcountries.eu/data/ind.svg,1981,8670
Asia,India,Developing regions,20,77,https://restcountries.eu/data/ind.svg,1982,8147
Asia,India,Developing regions,20,77,https://restcountries.eu/data/ind.svg,1983,7338
Asia,India,Developing regions,20,77,https://restcountries.eu/data/ind.svg,1984,5704
Asia,India,Developing regions,20,77,https://restcountries.eu/data/ind.svg,1985,4211
Asia,India,Developing regions,20,77,https://restcountries.eu/data/ind.svg,1986,7150
Asia,India,Developing regions,20,77,https://restcountries.eu/data/ind.svg,1987,10189
Asia,India,Developing regions,20,77,https://restcountries.eu/data/ind.svg,1988,11522
Asia,India,Developing regions,20,77,https://restcountries.eu/data/ind.svg,1989,10343
Asia,India,Developing regions,20,77,https://restcountries.eu/data/ind.svg,1990,12041
Asia,India,Developing regions,20,77,https://restcountries.eu/data/ind.svg,1991,13734
Asia,India,Developing regions,20,77,https://restcountries.eu/data/ind.svg,1992,13673
Asia,India,Developing regions,20,77,https://restcountries.eu/data/ind.svg,1993,21496
Asia,India,Developing regions,20,77,https://restcountries.eu/data/ind.svg,1994,18620
Asia,India,Developing regions,20,77,https://restcountries.eu/data/ind.svg,1995,18489
Asia,India,Developing regions,20,77,https://restcountries.eu/data/ind.svg,1996,23859
Asia,India,Developing regions,20,77,https://restcountries.eu/data/ind.svg,1997,22268
Asia,India,Developing regions,20,77,https://restcountries.eu/data/ind.svg,1998,17241
Asia,India,Developing regions,20,77,https://restcountries.eu/data/ind.svg,1999,18974
Asia,India,Developing regions,20,77,https://restcountries.eu/data/ind.svg,2000,28572
Asia,India,Developing regions,20,77,https://restcountries.eu/data/ind.svg,2001,31223
Asia,India,Developing regions,20,77,https://restcountries.eu/data/ind.svg,2002,31889
Asia,India,Developing regions,20,77,https://restcountries.eu/data/ind.svg,2003,27155
Asia,India,Developing regions,20,77,https://restcountries.eu/data/ind.svg,2004,28235
Asia,India,Developing regions,20,77,https://restcountries.eu/data/ind.svg,2005,36210
Asia,India,Developing regions,20,77,https://restcountries.eu/data/ind.svg,2006,33848
Asia,India,Developing regions,20,77,https://restcountries.eu/data/ind.svg,2007,28742
Asia,India,Developing regions,20,77,https://restcountries.eu/data/ind.svg,2008,28261
Asia,India,Developing regions,20,77,https://restcountries.eu/data/ind.svg,2009,29456
Asia,India,Developing regions,20,77,https://restcountries.eu/data/ind.svg,2010,34235
Asia,India,Developing regions,20,77,https://restcountries.eu/data/ind.svg,2011,27509
Asia,India,Developing regions,20,77,https://restcountries.eu/data/ind.svg,2012,30933
Asia,India,Developing regions,20,77,https://restcountries.eu/data/ind.svg,2013,33087
Asia,Iran (Islamic Republic of),Developing regions,32,53,https://restcountries.eu/data/irn.svg,1980,1172
Asia,Iran (Islamic Republic of),Developing regions,32,53,https://restcountries.eu/data/irn.svg,1981,1429
Asia,Iran (Islamic Republic of),Developing regions,32,53,https://restcountries.eu/data/irn.svg,1982,1822
Asia,Iran (Islamic Republic of),Developing regions,32,53,https://restcountries.eu/data/irn.svg,1983,1592
Asia,Iran (Islamic Republic of),Developing regions,32,53,https://restcountries.eu/data/irn.svg,1984,1977
Asia,Iran (Islamic Republic of),Developing regions,32,53,https://restcountries.eu/data/irn.svg,1985,1648
Asia,Iran (Islamic Republic of),Developing regions,32,53,https://restcountries.eu/data/irn.svg,1986,1794
Asia,Iran (Islamic Republic of),Developing regions,32,53,https://restcountries.eu/data/irn.svg,1987,2989
Asia,Iran (Islamic Republic of),Developing regions,32,53,https://restcountries.eu/data/irn.svg,1988,3273
Asia,Iran (Islamic Republic of),Developing regions,32,53,https://restcountries.eu/data/irn.svg,1989,3781
Asia,Iran (Islamic Republic of),Developing regions,32,53,https://restcountries.eu/data/irn.svg,1990,3655
Asia,Iran (Islamic Republic of),Developing regions,32,53,https://restcountries.eu/data/irn.svg,1991,6250
Asia,Iran (Islamic Republic of),Developing regions,32,53,https://restcountries.eu/data/irn.svg,1992,6814
Asia,Iran (Islamic Republic of),Developing regions,32,53,https://restcountries.eu/data/irn.svg,1993,3959
Asia,Iran (Islamic Republic of),Developing regions,32,53,https://restcountries.eu/data/irn.svg,1994,2785
Asia,Iran (Islamic Republic of),Developing regions,32,53,https://restcountries.eu/data/irn.svg,1995,3956
Asia,Iran (Islamic Republic of),Developing regions,32,53,https://restcountries.eu/data/irn.svg,1996,6205
Asia,Iran (Islamic Republic of),Developing regions,32,53,https://restcountries.eu/data/irn.svg,1997,7982
Asia,Iran (Islamic Republic of),Developing regions,32,53,https://restcountries.eu/data/irn.svg,1998,7057
Asia,Iran (Islamic Republic of),Developing regions,32,53,https://restcountries.eu/data/irn.svg,1999,6208
Asia,Iran (Islamic Republic of),Developing regions,32,53,https://restcountries.eu/data/irn.svg,2000,5884
Asia,Iran (Islamic Republic of),Developing regions,32,53,https://restcountries.eu/data/irn.svg,2001,6169
Asia,Iran (Islamic Republic of),Developing regions,32,53,https://restcountries.eu/data/irn.svg,2002,8129
Asia,Iran (Islamic Republic of),Developing regions,32,53,https://restcountries.eu/data/irn.svg,2003,5918
Asia,Iran (Islamic Republic of),Developing regions,32,53,https://restcountries.eu/data/irn.svg,2004,6348
Asia,Iran (Islamic Republic of),Developing regions,32,53,https://restcountries.eu/data/irn.svg,2005,5837
Asia,Iran (Islamic Republic of),Developing regions,32,53,https://restcountries.eu/data/irn.svg,2006,7480
Asia,Iran (Islamic Republic of),Developing regions,32,53,https://restcountries.eu/data/irn.svg,2007,6974
Asia,Iran (Islamic Republic of),Developing regions,32,53,https://restcountries.eu/data/irn.svg,2008,6475
Asia,Iran (Islamic Republic of),Developing regions,32,53,https://restcountries.eu/data/irn.svg,2009,6580
Asia,Iran (Islamic Republic of),Developing regions,32,53,https://restcountries.eu/data/irn.svg,2010,7477
Asia,Iran (Islamic Republic of),Developing regions,32,53,https://restcountries.eu/data/irn.svg,2011,7479
Asia,Iran (Islamic Republic of),Developing regions,32,53,https://restcountries.eu/data/irn.svg,2012,7534
Asia,Iran (Islamic Republic of),Developing regions,32,53,https://restcountries.eu/data/irn.svg,2013,11291
Latin America and the Caribbean,Jamaica,Developing regions,18.25,-77.5,https://restcountries.eu/data/jam.svg,1980,3198
Latin America and the Caribbean,Jamaica,Developing regions,18.25,-77.5,https://restcountries.eu/data/jam.svg,1981,2634
Latin America and the Caribbean,Jamaica,Developing regions,18.25,-77.5,https://restcountries.eu/data/jam.svg,1982,2661
Latin America and the Caribbean,Jamaica,Developing regions,18.25,-77.5,https://restcountries.eu/data/jam.svg,1983,2455
Latin America and the Caribbean,Jamaica,Developing regions,18.25,-77.5,https://restcountries.eu/data/jam.svg,1984,2508
Latin America and the Caribbean,Jamaica,Developing regions,18.25,-77.5,https://restcountries.eu/data/jam.svg,1985,2938
Latin America and the Caribbean,Jamaica,Developing regions,18.25,-77.5,https://restcountries.eu/data/jam.svg,1986,4649
Latin America and the Caribbean,Jamaica,Developing regions,18.25,-77.5,https://restcountries.eu/data/jam.svg,1987,5415
Latin America and the Caribbean,Jamaica,Developing regions,18.25,-77.5,https://restcountries.eu/data/jam.svg,1988,3924
Latin America and the Caribbean,Jamaica,Developing regions,18.25,-77.5,https://restcountries.eu/data/jam.svg,1989,3946
Latin America and the Caribbean,Jamaica,Developing regions,18.25,-77.5,https://restcountries.eu/data/jam.svg,1990,4945
Latin America and the Caribbean,Jamaica,Developing regions,18.25,-77.5,https://restcountries.eu/data/jam.svg,1991,5056
Latin America and the Caribbean,Jamaica,Developing regions,18.25,-77.5,https://restcountries.eu/data/jam.svg,1992,5991
Latin America and the Caribbean,Jamaica,Developing regions,18.25,-77.5,https://restcountries.eu/data/jam.svg,1993,6065
Latin America and the Caribbean,Jamaica,Developing regions,18.25,-77.5,https://restcountries.eu/data/jam.svg,1994,3913
Latin America and the Caribbean,Jamaica,Developing regions,18.25,-77.5,https://restcountries.eu/data/jam.svg,1995,3619
Latin America and the Caribbean,Jamaica,Developing regions,18.25,-77.5,https://restcountries.eu/data/jam.svg,1996,3282
Latin America and the Caribbean,Jamaica,Developing regions,18.25,-77.5,https://restcountries.eu/data/jam.svg,1997,2847
Latin America and the Caribbean,Jamaica,Developing regions,18.25,-77.5,https://restcountries.eu/data/jam.svg,1998,2253
Latin America and the Caribbean,Jamaica,Developing regions,18.25,-77.5,https://restcountries.eu/data/jam.svg,1999,2358
Latin America and the Caribbean,Jamaica,Developing regions,18.25,-77.5,https://restcountries.eu/data/jam.svg,2000,2482
Latin America and the Caribbean,Jamaica,Developing regions,18.25,-77.5,https://restcountries.eu/data/jam.svg,2001,2838
Latin America and the Caribbean,Jamaica,Developing regions,18.25,-77.5,https://restcountries.eu/data/jam.svg,2002,2524
Latin America and the Caribbean,Jamaica,Developing regions,18.25,-77.5,https://restcountries.eu/data/jam.svg,2003,2054
Latin America and the Caribbean,Jamaica,Developing regions,18.25,-77.5,https://restcountries.eu/data/jam.svg,2004,2237
Latin America and the Caribbean,Jamaica,Developing regions,18.25,-77.5,https://restcountries.eu/data/jam.svg,2005,1945
Latin America and the Caribbean,Jamaica,Developing regions,18.25,-77.5,https://restcountries.eu/data/jam.svg,2006,1722
Latin America and the Caribbean,Jamaica,Developing regions,18.25,-77.5,https://restcountries.eu/data/jam.svg,2007,2141
Latin America and the Caribbean,Jamaica,Developing regions,18.25,-77.5,https://restcountries.eu/data/jam.svg,2008,2334
Latin America and the Caribbean,Jamaica,Developing regions,18.25,-77.5,https://restcountries.eu/data/jam.svg,2009,2456
Latin America and the Caribbean,Jamaica,Developing regions,18.25,-77.5,https://restcountries.eu/data/jam.svg,2010,2321
Latin America and the Caribbean,Jamaica,Developing regions,18.25,-77.5,https://restcountries.eu/data/jam.svg,2011,2059
Latin America and the Caribbean,Jamaica,Developing regions,18.25,-77.5,https://restcountries.eu/data/jam.svg,2012,2182
Latin America and the Caribbean,Jamaica,Developing regions,18.25,-77.5,https://restcountries.eu/data/jam.svg,2013,2479
Asia,Japan,Developed regions,36,138,https://restcountries.eu/data/jpn.svg,1980,701
Asia,Japan,Developed regions,36,138,https://restcountries.eu/data/jpn.svg,1981,756
Asia,Japan,Developed regions,36,138,https://restcountries.eu/data/jpn.svg,1982,598
Asia,Japan,Developed regions,36,138,https://restcountries.eu/data/jpn.svg,1983,309
Asia,Japan,Developed regions,36,138,https://restcountries.eu/data/jpn.svg,1984,246
Asia,Japan,Developed regions,36,138,https://restcountries.eu/data/jpn.svg,1985,198
Asia,Japan,Developed regions,36,138,https://restcountries.eu/data/jpn.svg,1986,248
Asia,Japan,Developed regions,36,138,https://restcountries.eu/data/jpn.svg,1987,422
Asia,Japan,Developed regions,36,138,https://restcountries.eu/data/jpn.svg,1988,324
Asia,Japan,Developed regions,36,138,https://restcountries.eu/data/jpn.svg,1989,494
Asia,Japan,Developed regions,36,138,https://restcountries.eu/data/jpn.svg,1990,379
Asia,Japan,Developed regions,36,138,https://restcountries.eu/data/jpn.svg,1991,506
Asia,Japan,Developed regions,36,138,https://restcountries.eu/data/jpn.svg,1992,605
Asia,Japan,Developed regions,36,138,https://restcountries.eu/data/jpn.svg,1993,907
Asia,Japan,Developed regions,36,138,https://restcountries.eu/data/jpn.svg,1994,956
Asia,Japan,Developed regions,36,138,https://restcountries.eu/data/jpn.svg,1995,826
Asia,Japan,Developed regions,36,138,https://restcountries.eu/data/jpn.svg,1996,994
Asia,Japan,Developed regions,36,138,https://restcountries.eu/data/jpn.svg,1997,924
Asia,Japan,Developed regions,36,138,https://restcountries.eu/data/jpn.svg,1998,897
Asia,Japan,Developed regions,36,138,https://restcountries.eu/data/jpn.svg,1999,1083
Asia,Japan,Developed regions,36,138,https://restcountries.eu/data/jpn.svg,2000,1010
Asia,Japan,Developed regions,36,138,https://restcountries.eu/data/jpn.svg,2001,1092
Asia,Japan,Developed regions,36,138,https://restcountries.eu/data/jpn.svg,2002,806
Asia,Japan,Developed regions,36,138,https://restcountries.eu/data/jpn.svg,2003,817
Asia,Japan,Developed regions,36,138,https://restcountries.eu/data/jpn.svg,2004,973
Asia,Japan,Developed regions,36,138,https://restcountries.eu/data/jpn.svg,2005,1067
Asia,Japan,Developed regions,36,138,https://restcountries.eu/data/jpn.svg,2006,1212
Asia,Japan,Developed regions,36,138,https://restcountries.eu/data/jpn.svg,2007,1250
Asia,Japan,Developed regions,36,138,https://restcountries.eu/data/jpn.svg,2008,1284
Asia,Japan,Developed regions,36,138,https://restcountries.eu/data/jpn.svg,2009,1194
Asia,Japan,Developed regions,36,138,https://restcountries.eu/data/jpn.svg,2010,1168
Asia,Japan,Developed regions,36,138,https://restcountries.eu/data/jpn.svg,2011,1265
Asia,Japan,Developed regions,36,138,https://restcountries.eu/data/jpn.svg,2012,1214
Asia,Japan,Developed regions,36,138,https://restcountries.eu/data/jpn.svg,2013,982
Asia,Lebanon,Developing regions,33.83333333,35.83333333,https://restcountries.eu/data/lbn.svg,1980,1409
Asia,Lebanon,Developing regions,33.83333333,35.83333333,https://restcountries.eu/data/lbn.svg,1981,1119
Asia,Lebanon,Developing regions,33.83333333,35.83333333,https://restcountries.eu/data/lbn.svg,1982,1159
Asia,Lebanon,Developing regions,33.83333333,35.83333333,https://restcountries.eu/data/lbn.svg,1983,789
Asia,Lebanon,Developing regions,33.83333333,35.83333333,https://restcountries.eu/data/lbn.svg,1984,1253
Asia,Lebanon,Developing regions,33.83333333,35.83333333,https://restcountries.eu/data/lbn.svg,1985,1683
Asia,Lebanon,Developing regions,33.83333333,35.83333333,https://restcountries.eu/data/lbn.svg,1986,2576
Asia,Lebanon,Developing regions,33.83333333,35.83333333,https://restcountries.eu/data/lbn.svg,1987,3803
Asia,Lebanon,Developing regions,33.83333333,35.83333333,https://restcountries.eu/data/lbn.svg,1988,3970
Asia,Lebanon,Developing regions,33.83333333,35.83333333,https://restcountries.eu/data/lbn.svg,1989,7157
Asia,Lebanon,Developing regions,33.83333333,35.83333333,https://restcountries.eu/data/lbn.svg,1990,13568
Asia,Lebanon,Developing regions,33.83333333,35.83333333,https://restcountries.eu/data/lbn.svg,1991,12567
Asia,Lebanon,Developing regions,33.83333333,35.83333333,https://restcountries.eu/data/lbn.svg,1992,6915
Asia,Lebanon,Developing regions,33.83333333,35.83333333,https://restcountries.eu/data/lbn.svg,1993,4902
Asia,Lebanon,Developing regions,33.83333333,35.83333333,https://restcountries.eu/data/lbn.svg,1994,2751
Asia,Lebanon,Developing regions,33.83333333,35.83333333,https://restcountries.eu/data/lbn.svg,1995,2228
Asia,Lebanon,Developing regions,33.83333333,35.83333333,https://restcountries.eu/data/lbn.svg,1996,1919
Asia,Lebanon,Developing regions,33.83333333,35.83333333,https://restcountries.eu/data/lbn.svg,1997,1472
Asia,Lebanon,Developing regions,33.83333333,35.83333333,https://restcountries.eu/data/lbn.svg,1998,1329
Asia,Lebanon,Developing regions,33.83333333,35.83333333,https://restcountries.eu/data/lbn.svg,1999,1594
Asia,Lebanon,Developing regions,33.83333333,35.83333333,https://restcountries.eu/data/lbn.svg,2000,1903
Asia,Lebanon,Developing regions,33.83333333,35.83333333,https://restcountries.eu/data/lbn.svg,2001,2578
Asia,Lebanon,Developing regions,33.83333333,35.83333333,https://restcountries.eu/data/lbn.svg,2002,2332
Asia,Lebanon,Developing regions,33.83333333,35.83333333,https://restcountries.eu/data/lbn.svg,2003,3179
Asia,Lebanon,Developing regions,33.83333333,35.83333333,https://restcountries.eu/data/lbn.svg,2004,3293
Asia,Lebanon,Developing regions,33.83333333,35.83333333,https://restcountries.eu/data/lbn.svg,2005,3709
Asia,Lebanon,Developing regions,33.83333333,35.83333333,https://restcountries.eu/data/lbn.svg,2006,3802
Asia,Lebanon,Developing regions,33.83333333,35.83333333,https://restcountries.eu/data/lbn.svg,2007,3467
Asia,Lebanon,Developing regions,33.83333333,35.83333333,https://restcountries.eu/data/lbn.svg,2008,3566
Asia,Lebanon,Developing regions,33.83333333,35.83333333,https://restcountries.eu/data/lbn.svg,2009,3077
Asia,Lebanon,Developing regions,33.83333333,35.83333333,https://restcountries.eu/data/lbn.svg,2010,3432
Asia,Lebanon,Developing regions,33.83333333,35.83333333,https://restcountries.eu/data/lbn.svg,2011,3072
Asia,Lebanon,Developing regions,33.83333333,35.83333333,https://restcountries.eu/data/lbn.svg,2012,1614
Asia,Lebanon,Developing regions,33.83333333,35.83333333,https://restcountries.eu/data/lbn.svg,2013,2172
Asia,Pakistan,Developing regions,30,70,https://restcountries.eu/data/pak.svg,1980,978
Asia,Pakistan,Developing regions,30,70,https://restcountries.eu/data/pak.svg,1981,972
Asia,Pakistan,Developing regions,30,70,https://restcountries.eu/data/pak.svg,1982,1201
Asia,Pakistan,Developing regions,30,70,https://restcountries.eu/data/pak.svg,1983,900
Asia,Pakistan,Developing regions,30,70,https://restcountries.eu/data/pak.svg,1984,668
Asia,Pakistan,Developing regions,30,70,https://restcountries.eu/data/pak.svg,1985,514
Asia,Pakistan,Developing regions,30,70,https://restcountries.eu/data/pak.svg,1986,691
Asia,Pakistan,Developing regions,30,70,https://restcountries.eu/data/pak.svg,1987,1072
Asia,Pakistan,Developing regions,30,70,https://restcountries.eu/data/pak.svg,1988,1334
Asia,Pakistan,Developing regions,30,70,https://restcountries.eu/data/pak.svg,1989,2261
Asia,Pakistan,Developing regions,30,70,https://restcountries.eu/data/pak.svg,1990,2470
Asia,Pakistan,Developing regions,30,70,https://restcountries.eu/data/pak.svg,1991,3079
Asia,Pakistan,Developing regions,30,70,https://restcountries.eu/data/pak.svg,1992,4071
Asia,Pakistan,Developing regions,30,70,https://restcountries.eu/data/pak.svg,1993,4777
Asia,Pakistan,Developing regions,30,70,https://restcountries.eu/data/pak.svg,1994,4666
Asia,Pakistan,Developing regions,30,70,https://restcountries.eu/data/pak.svg,1995,4994
Asia,Pakistan,Developing regions,30,70,https://restcountries.eu/data/pak.svg,1996,9125
Asia,Pakistan,Developing regions,30,70,https://restcountries.eu/data/pak.svg,1997,13073
Asia,Pakistan,Developing regions,30,70,https://restcountries.eu/data/pak.svg,1998,9068
Asia,Pakistan,Developing regions,30,70,https://restcountries.eu/data/pak.svg,1999,9979
Asia,Pakistan,Developing regions,30,70,https://restcountries.eu/data/pak.svg,2000,15400
Asia,Pakistan,Developing regions,30,70,https://restcountries.eu/data/pak.svg,2001,16708
Asia,Pakistan,Developing regions,30,70,https://restcountries.eu/data/pak.svg,2002,15110
Asia,Pakistan,Developing regions,30,70,https://restcountries.eu/data/pak.svg,2003,13205
Asia,Pakistan,Developing regions,30,70,https://restcountries.eu/data/pak.svg,2004,13399
Asia,Pakistan,Developing regions,30,70,https://restcountries.eu/data/pak.svg,2005,14314
Asia,Pakistan,Developing regions,30,70,https://restcountries.eu/data/pak.svg,2006,13127
Asia,Pakistan,Developing regions,30,70,https://restcountries.eu/data/pak.svg,2007,10124
Asia,Pakistan,Developing regions,30,70,https://restcountries.eu/data/pak.svg,2008,8994
Asia,Pakistan,Developing regions,30,70,https://restcountries.eu/data/pak.svg,2009,7217
Asia,Pakistan,Developing regions,30,70,https://restcountries.eu/data/pak.svg,2010,6811
Asia,Pakistan,Developing regions,30,70,https://restcountries.eu/data/pak.svg,2011,7468
Asia,Pakistan,Developing regions,30,70,https://restcountries.eu/data/pak.svg,2012,11227
Asia,Pakistan,Developing regions,30,70,https://restcountries.eu/data/pak.svg,2013,12603
Asia,Philippines,Developing regions,13,122,https://restcountries.eu/data/phl.svg,1980,6051
Asia,Philippines,Developing regions,13,122,https://restcountries.eu/data/phl.svg,1981,5921
Asia,Philippines,Developing regions,13,122,https://restcountries.eu/data/phl.svg,1982,5249
Asia,Philippines,Developing regions,13,122,https://restcountries.eu/data/phl.svg,1983,4562
Asia,Philippines,Developing regions,13,122,https://restcountries.eu/data/phl.svg,1984,3801
Asia,Philippines,Developing regions,13,122,https://restcountries.eu/data/phl.svg,1985,3150
Asia,Philippines,Developing regions,13,122,https://restcountries.eu/data/phl.svg,1986,4166
Asia,Philippines,Developing regions,13,122,https://restcountries.eu/data/phl.svg,1987,7360
Asia,Philippines,Developing regions,13,122,https://restcountries.eu/data/phl.svg,1988,8639
Asia,Philippines,Developing regions,13,122,https://restcountries.eu/data/phl.svg,1989,11865
Asia,Philippines,Developing regions,13,122,https://restcountries.eu/data/phl.svg,1990,12509
Asia,Philippines,Developing regions,13,122,https://restcountries.eu/data/phl.svg,1991,12718
Asia,Philippines,Developing regions,13,122,https://restcountries.eu/data/phl.svg,1992,13670
Asia,Philippines,Developing regions,13,122,https://restcountries.eu/data/phl.svg,1993,20479
Asia,Philippines,Developing regions,13,122,https://restcountries.eu/data/phl.svg,1994,19532
Asia,Philippines,Developing regions,13,122,https://restcountries.eu/data/phl.svg,1995,15864
Asia,Philippines,Developing regions,13,122,https://restcountries.eu/data/phl.svg,1996,13692
Asia,Philippines,Developing regions,13,122,https://restcountries.eu/data/phl.svg,1997,11549
Asia,Philippines,Developing regions,13,122,https://restcountries.eu/data/phl.svg,1998,8735
Asia,Philippines,Developing regions,13,122,https://restcountries.eu/data/phl.svg,1999,9734
Asia,Philippines,Developing regions,13,122,https://restcountries.eu/data/phl.svg,2000,10763
Asia,Philippines,Developing regions,13,122,https://restcountries.eu/data/phl.svg,2001,13836
Asia,Philippines,Developing regions,13,122,https://restcountries.eu/data/phl.svg,2002,11707
Asia,Philippines,Developing regions,13,122,https://restcountries.eu/data/phl.svg,2003,12758
Asia,Philippines,Developing regions,13,122,https://restcountries.eu/data/phl.svg,2004,14004
Asia,Philippines,Developing regions,13,122,https://restcountries.eu/data/phl.svg,2005,18139
Asia,Philippines,Developing regions,13,122,https://restcountries.eu/data/phl.svg,2006,18400
Asia,Philippines,Developing regions,13,122,https://restcountries.eu/data/phl.svg,2007,19837
Asia,Philippines,Developing regions,13,122,https://restcountries.eu/data/phl.svg,2008,24887
Asia,Philippines,Developing regions,13,122,https://restcountries.eu/data/phl.svg,2009,28573
Asia,Philippines,Developing regions,13,122,https://restcountries.eu/data/phl.svg,2010,38617
Asia,Philippines,Developing regions,13,122,https://restcountries.eu/data/phl.svg,2011,36765
Asia,Philippines,Developing regions,13,122,https://restcountries.eu/data/phl.svg,2012,34315
Asia,Philippines,Developing regions,13,122,https://restcountries.eu/data/phl.svg,2013,29544
Europe,Poland,Developed regions,52,20,https://restcountries.eu/data/pol.svg,1980,863
Europe,Poland,Developed regions,52,20,https://restcountries.eu/data/pol.svg,1981,2930
Europe,Poland,Developed regions,52,20,https://restcountries.eu/data/pol.svg,1982,5881
Europe,Poland,Developed regions,52,20,https://restcountries.eu/data/pol.svg,1983,4546
Europe,Poland,Developed regions,52,20,https://restcountries.eu/data/pol.svg,1984,3588
Europe,Poland,Developed regions,52,20,https://restcountries.eu/data/pol.svg,1985,2819
Europe,Poland,Developed regions,52,20,https://restcountries.eu/data/pol.svg,1986,4808
Europe,Poland,Developed regions,52,20,https://restcountries.eu/data/pol.svg,1987,6931
Europe,Poland,Developed regions,52,20,https://restcountries.eu/data/pol.svg,1988,9211
Europe,Poland,Developed regions,52,20,https://restcountries.eu/data/pol.svg,1989,16025
Europe,Poland,Developed regions,52,20,https://restcountries.eu/data/pol.svg,1990,17040
Europe,Poland,Developed regions,52,20,https://restcountries.eu/data/pol.svg,1991,16028
Europe,Poland,Developed regions,52,20,https://restcountries.eu/data/pol.svg,1992,12145
Europe,Poland,Developed regions,52,20,https://restcountries.eu/data/pol.svg,1993,6960
Europe,Poland,Developed regions,52,20,https://restcountries.eu/data/pol.svg,1994,3550
Europe,Poland,Developed regions,52,20,https://restcountries.eu/data/pol.svg,1995,2405
Europe,Poland,Developed regions,52,20,https://restcountries.eu/data/pol.svg,1996,2136
Europe,Poland,Developed regions,52,20,https://restcountries.eu/data/pol.svg,1997,1758
Europe,Poland,Developed regions,52,20,https://restcountries.eu/data/pol.svg,1998,1488
Europe,Poland,Developed regions,52,20,https://restcountries.eu/data/pol.svg,1999,1354
Europe,Poland,Developed regions,52,20,https://restcountries.eu/data/pol.svg,2000,1471
Europe,Poland,Developed regions,52,20,https://restcountries.eu/data/pol.svg,2001,1601
Europe,Poland,Developed regions,52,20,https://restcountries.eu/data/pol.svg,2002,1447
Europe,Poland,Developed regions,52,20,https://restcountries.eu/data/pol.svg,2003,1394
Europe,Poland,Developed regions,52,20,https://restcountries.eu/data/pol.svg,2004,1533
Europe,Poland,Developed regions,52,20,https://restcountries.eu/data/pol.svg,2005,1405
Europe,Poland,Developed regions,52,20,https://restcountries.eu/data/pol.svg,2006,1263
Europe,Poland,Developed regions,52,20,https://restcountries.eu/data/pol.svg,2007,1235
Europe,Poland,Developed regions,52,20,https://restcountries.eu/data/pol.svg,2008,1267
Europe,Poland,Developed regions,52,20,https://restcountries.eu/data/pol.svg,2009,1013
Europe,Poland,Developed regions,52,20,https://restcountries.eu/data/pol.svg,2010,795
Europe,Poland,Developed regions,52,20,https://restcountries.eu/data/pol.svg,2011,720
Europe,Poland,Developed regions,52,20,https://restcountries.eu/data/pol.svg,2012,779
Europe,Poland,Developed regions,52,20,https://restcountries.eu/data/pol.svg,2013,852
Europe,Portugal,Developed regions,39.5,-8,https://restcountries.eu/data/prt.svg,1980,4473
Europe,Portugal,Developed regions,39.5,-8,https://restcountries.eu/data/prt.svg,1981,3486
Europe,Portugal,Developed regions,39.5,-8,https://restcountries.eu/data/prt.svg,1982,2432
Europe,Portugal,Developed regions,39.5,-8,https://restcountries.eu/data/prt.svg,1983,1433
Europe,Portugal,Developed regions,39.5,-8,https://restcountries.eu/data/prt.svg,1984,1398
Europe,Portugal,Developed regions,39.5,-8,https://restcountries.eu/data/prt.svg,1985,1451
Europe,Portugal,Developed regions,39.5,-8,https://restcountries.eu/data/prt.svg,1986,2617
Europe,Portugal,Developed regions,39.5,-8,https://restcountries.eu/data/prt.svg,1987,7684
Europe,Portugal,Developed regions,39.5,-8,https://restcountries.eu/data/prt.svg,1988,6888
Europe,Portugal,Developed regions,39.5,-8,https://restcountries.eu/data/prt.svg,1989,8570
Europe,Portugal,Developed regions,39.5,-8,https://restcountries.eu/data/prt.svg,1990,8452
Europe,Portugal,Developed regions,39.5,-8,https://restcountries.eu/data/prt.svg,1991,6286
Europe,Portugal,Developed regions,39.5,-8,https://restcountries.eu/data/prt.svg,1992,3328
Europe,Portugal,Developed regions,39.5,-8,https://restcountries.eu/data/prt.svg,1993,2347
Europe,Portugal,Developed regions,39.5,-8,https://restcountries.eu/data/prt.svg,1994,1599
Europe,Portugal,Developed regions,39.5,-8,https://restcountries.eu/data/prt.svg,1995,1405
Europe,Portugal,Developed regions,39.5,-8,https://restcountries.eu/data/prt.svg,1996,1237
Europe,Portugal,Developed regions,39.5,-8,https://restcountries.eu/data/prt.svg,1997,1167
Europe,Portugal,Developed regions,39.5,-8,https://restcountries.eu/data/prt.svg,1998,625
Europe,Portugal,Developed regions,39.5,-8,https://restcountries.eu/data/prt.svg,1999,458
Europe,Portugal,Developed regions,39.5,-8,https://restcountries.eu/data/prt.svg,2000,469
Europe,Portugal,Developed regions,39.5,-8,https://restcountries.eu/data/prt.svg,2001,531
Europe,Portugal,Developed regions,39.5,-8,https://restcountries.eu/data/prt.svg,2002,364
Europe,Portugal,Developed regions,39.5,-8,https://restcountries.eu/data/prt.svg,2003,329
Europe,Portugal,Developed regions,39.5,-8,https://restcountries.eu/data/prt.svg,2004,336
Europe,Portugal,Developed regions,39.5,-8,https://restcountries.eu/data/prt.svg,2005,338
Europe,Portugal,Developed regions,39.5,-8,https://restcountries.eu/data/prt.svg,2006,424
Europe,Portugal,Developed regions,39.5,-8,https://restcountries.eu/data/prt.svg,2007,405
Europe,Portugal,Developed regions,39.5,-8,https://restcountries.eu/data/prt.svg,2008,665
Europe,Portugal,Developed regions,39.5,-8,https://restcountries.eu/data/prt.svg,2009,623
Europe,Portugal,Developed regions,39.5,-8,https://restcountries.eu/data/prt.svg,2010,629
Europe,Portugal,Developed regions,39.5,-8,https://restcountries.eu/data/prt.svg,2011,528
Europe,Portugal,Developed regions,39.5,-8,https://restcountries.eu/data/prt.svg,2012,560
Europe,Portugal,Developed regions,39.5,-8,https://restcountries.eu/data/prt.svg,2013,630
Asia,Republic of Korea,Developing regions,37,127.5,https://restcountries.eu/data/kor.svg,1980,1011
Asia,Republic of Korea,Developing regions,37,127.5,https://restcountries.eu/data/kor.svg,1981,1456
Asia,Republic of Korea,Developing regions,37,127.5,https://restcountries.eu/data/kor.svg,1982,1572
Asia,Republic of Korea,Developing regions,37,127.5,https://restcountries.eu/data/kor.svg,1983,1081
Asia,Republic of Korea,Developing regions,37,127.5,https://restcountries.eu/data/kor.svg,1984,847
Asia,Republic of Korea,Developing regions,37,127.5,https://restcountries.eu/data/kor.svg,1985,962
Asia,Republic of Korea,Developing regions,37,127.5,https://restcountries.eu/data/kor.svg,1986,1208
Asia,Republic of Korea,Developing regions,37,127.5,https://restcountries.eu/data/kor.svg,1987,2338
Asia,Republic of Korea,Developing regions,37,127.5,https://restcountries.eu/data/kor.svg,1988,2805
Asia,Republic of Korea,Developing regions,37,127.5,https://restcountries.eu/data/kor.svg,1989,2979
Asia,Republic of Korea,Developing regions,37,127.5,https://restcountries.eu/data/kor.svg,1990,2087
Asia,Republic of Korea,Developing regions,37,127.5,https://restcountries.eu/data/kor.svg,1991,2598
Asia,Republic of Korea,Developing regions,37,127.5,https://restcountries.eu/data/kor.svg,1992,3790
Asia,Republic of Korea,Developing regions,37,127.5,https://restcountries.eu/data/kor.svg,1993,3819
Asia,Republic of Korea,Developing regions,37,127.5,https://restcountries.eu/data/kor.svg,1994,3005
Asia,Republic of Korea,Developing regions,37,127.5,https://restcountries.eu/data/kor.svg,1995,3501
Asia,Republic of Korea,Developing regions,37,127.5,https://restcountries.eu/data/kor.svg,1996,3250
Asia,Republic of Korea,Developing regions,37,127.5,https://restcountries.eu/data/kor.svg,1997,4093
Asia,Republic of Korea,Developing regions,37,127.5,https://restcountries.eu/data/kor.svg,1998,4938
Asia,Republic of Korea,Developing regions,37,127.5,https://restcountries.eu/data/kor.svg,1999,7108
Asia,Republic of Korea,Developing regions,37,127.5,https://restcountries.eu/data/kor.svg,2000,7618
Asia,Republic of Korea,Developing regions,37,127.5,https://restcountries.eu/data/kor.svg,2001,9619
Asia,Republic of Korea,Developing regions,37,127.5,https://restcountries.eu/data/kor.svg,2002,7342
Asia,Republic of Korea,Developing regions,37,127.5,https://restcountries.eu/data/kor.svg,2003,7117
Asia,Republic of Korea,Developing regions,37,127.5,https://restcountries.eu/data/kor.svg,2004,5352
Asia,Republic of Korea,Developing regions,37,127.5,https://restcountries.eu/data/kor.svg,2005,5832
Asia,Republic of Korea,Developing regions,37,127.5,https://restcountries.eu/data/kor.svg,2006,6215
Asia,Republic of Korea,Developing regions,37,127.5,https://restcountries.eu/data/kor.svg,2007,5920
Asia,Republic of Korea,Developing regions,37,127.5,https://restcountries.eu/data/kor.svg,2008,7294
Asia,Republic of Korea,Developing regions,37,127.5,https://restcountries.eu/data/kor.svg,2009,5874
Asia,Republic of Korea,Developing regions,37,127.5,https://restcountries.eu/data/kor.svg,2010,5537
Asia,Republic of Korea,Developing regions,37,127.5,https://restcountries.eu/data/kor.svg,2011,4588
Asia,Republic of Korea,Developing regions,37,127.5,https://restcountries.eu/data/kor.svg,2012,5316
Asia,Republic of Korea,Developing regions,37,127.5,https://restcountries.eu/data/kor.svg,2013,4509
Europe,Romania,Developed regions,46,25,https://restcountries.eu/data/rou.svg,1980,375
Europe,Romania,Developed regions,46,25,https://restcountries.eu/data/rou.svg,1981,438
Europe,Romania,Developed regions,46,25,https://restcountries.eu/data/rou.svg,1982,583
Europe,Romania,Developed regions,46,25,https://restcountries.eu/data/rou.svg,1983,543
Europe,Romania,Developed regions,46,25,https://restcountries.eu/data/rou.svg,1984,524
Europe,Romania,Developed regions,46,25,https://restcountries.eu/data/rou.svg,1985,604
Europe,Romania,Developed regions,46,25,https://restcountries.eu/data/rou.svg,1986,656
Europe,Romania,Developed regions,46,25,https://restcountries.eu/data/rou.svg,1987,1202
Europe,Romania,Developed regions,46,25,https://restcountries.eu/data/rou.svg,1988,1106
Europe,Romania,Developed regions,46,25,https://restcountries.eu/data/rou.svg,1989,1582
Europe,Romania,Developed regions,46,25,https://restcountries.eu/data/rou.svg,1990,2252
Europe,Romania,Developed regions,46,25,https://restcountries.eu/data/rou.svg,1991,2337
Europe,Romania,Developed regions,46,25,https://restcountries.eu/data/rou.svg,1992,3147
Europe,Romania,Developed regions,46,25,https://restcountries.eu/data/rou.svg,1993,3676
Europe,Romania,Developed regions,46,25,https://restcountries.eu/data/rou.svg,1994,3495
Europe,Romania,Developed regions,46,25,https://restcountries.eu/data/rou.svg,1995,4279
Europe,Romania,Developed regions,46,25,https://restcountries.eu/data/rou.svg,1996,3909
Europe,Romania,Developed regions,46,25,https://restcountries.eu/data/rou.svg,1997,3993
Europe,Romania,Developed regions,46,25,https://restcountries.eu/data/rou.svg,1998,3033
Europe,Romania,Developed regions,46,25,https://restcountries.eu/data/rou.svg,1999,3538
Europe,Romania,Developed regions,46,25,https://restcountries.eu/data/rou.svg,2000,4539
Europe,Romania,Developed regions,46,25,https://restcountries.eu/data/rou.svg,2001,5652
Europe,Romania,Developed regions,46,25,https://restcountries.eu/data/rou.svg,2002,5765
Europe,Romania,Developed regions,46,25,https://restcountries.eu/data/rou.svg,2003,5541
Europe,Romania,Developed regions,46,25,https://restcountries.eu/data/rou.svg,2004,5755
Europe,Romania,Developed regions,46,25,https://restcountries.eu/data/rou.svg,2005,5048
Europe,Romania,Developed regions,46,25,https://restcountries.eu/data/rou.svg,2006,4468
Europe,Romania,Developed regions,46,25,https://restcountries.eu/data/rou.svg,2007,3834
Europe,Romania,Developed regions,46,25,https://restcountries.eu/data/rou.svg,2008,2837
Europe,Romania,Developed regions,46,25,https://restcountries.eu/data/rou.svg,2009,2076
Europe,Romania,Developed regions,46,25,https://restcountries.eu/data/rou.svg,2010,1922
Europe,Romania,Developed regions,46,25,https://restcountries.eu/data/rou.svg,2011,1776
Europe,Romania,Developed regions,46,25,https://restcountries.eu/data/rou.svg,2012,1588
Europe,Romania,Developed regions,46,25,https://restcountries.eu/data/rou.svg,2013,1512
Europe,Russian Federation,Developed regions,60,100,https://restcountries.eu/data/rus.svg,1980,0
Europe,Russian Federation,Developed regions,60,100,https://restcountries.eu/data/rus.svg,1981,0
Europe,Russian Federation,Developed regions,60,100,https://restcountries.eu/data/rus.svg,1982,0
Europe,Russian Federation,Developed regions,60,100,https://restcountries.eu/data/rus.svg,1983,0
Europe,Russian Federation,Developed regions,60,100,https://restcountries.eu/data/rus.svg,1984,0
Europe,Russian Federation,Developed regions,60,100,https://restcountries.eu/data/rus.svg,1985,0
Europe,Russian Federation,Developed regions,60,100,https://restcountries.eu/data/rus.svg,1986,0
Europe,Russian Federation,Developed regions,60,100,https://restcountries.eu/data/rus.svg,1987,0
Europe,Russian Federation,Developed regions,60,100,https://restcountries.eu/data/rus.svg,1988,0
Europe,Russian Federation,Developed regions,60,100,https://restcountries.eu/data/rus.svg,1989,0
Europe,Russian Federation,Developed regions,60,100,https://restcountries.eu/data/rus.svg,1990,0
Europe,Russian Federation,Developed regions,60,100,https://restcountries.eu/data/rus.svg,1991,0
Europe,Russian Federation,Developed regions,60,100,https://restcountries.eu/data/rus.svg,1992,172
Europe,Russian Federation,Developed regions,60,100,https://restcountries.eu/data/rus.svg,1993,906
Europe,Russian Federation,Developed regions,60,100,https://restcountries.eu/data/rus.svg,1994,1327
Europe,Russian Federation,Developed regions,60,100,https://restcountries.eu/data/rus.svg,1995,1819
Europe,Russian Federation,Developed regions,60,100,https://restcountries.eu/data/rus.svg,1996,2640
Europe,Russian Federation,Developed regions,60,100,https://restcountries.eu/data/rus.svg,1997,3708
Europe,Russian Federation,Developed regions,60,100,https://restcountries.eu/data/rus.svg,1998,4388
Europe,Russian Federation,Developed regions,60,100,https://restcountries.eu/data/rus.svg,1999,4053
Europe,Russian Federation,Developed regions,60,100,https://restcountries.eu/data/rus.svg,2000,3843
Europe,Russian Federation,Developed regions,60,100,https://restcountries.eu/data/rus.svg,2001,4351
Europe,Russian Federation,Developed regions,60,100,https://restcountries.eu/data/rus.svg,2002,3941
Europe,Russian Federation,Developed regions,60,100,https://restcountries.eu/data/rus.svg,2003,3718
Europe,Russian Federation,Developed regions,60,100,https://restcountries.eu/data/rus.svg,2004,3989
Europe,Russian Federation,Developed regions,60,100,https://restcountries.eu/data/rus.svg,2005,3972
Europe,Russian Federation,Developed regions,60,100,https://restcountries.eu/data/rus.svg,2006,3117
Europe,Russian Federation,Developed regions,60,100,https://restcountries.eu/data/rus.svg,2007,2983
Europe,Russian Federation,Developed regions,60,100,https://restcountries.eu/data/rus.svg,2008,2690
Europe,Russian Federation,Developed regions,60,100,https://restcountries.eu/data/rus.svg,2009,2931
Europe,Russian Federation,Developed regions,60,100,https://restcountries.eu/data/rus.svg,2010,2288
Europe,Russian Federation,Developed regions,60,100,https://restcountries.eu/data/rus.svg,2011,1963
Europe,Russian Federation,Developed regions,60,100,https://restcountries.eu/data/rus.svg,2012,2079
Europe,Russian Federation,Developed regions,60,100,https://restcountries.eu/data/rus.svg,2013,2466
Asia,Sri Lanka,Developing regions,7,81,https://restcountries.eu/data/lka.svg,1980,185
Asia,Sri Lanka,Developing regions,7,81,https://restcountries.eu/data/lka.svg,1981,371
Asia,Sri Lanka,Developing regions,7,81,https://restcountries.eu/data/lka.svg,1982,290
Asia,Sri Lanka,Developing regions,7,81,https://restcountries.eu/data/lka.svg,1983,197
Asia,Sri Lanka,Developing regions,7,81,https://restcountries.eu/data/lka.svg,1984,1086
Asia,Sri Lanka,Developing regions,7,81,https://restcountries.eu/data/lka.svg,1985,845
Asia,Sri Lanka,Developing regions,7,81,https://restcountries.eu/data/lka.svg,1986,1838
Asia,Sri Lanka,Developing regions,7,81,https://restcountries.eu/data/lka.svg,1987,4447
Asia,Sri Lanka,Developing regions,7,81,https://restcountries.eu/data/lka.svg,1988,2779
Asia,Sri Lanka,Developing regions,7,81,https://restcountries.eu/data/lka.svg,1989,2758
Asia,Sri Lanka,Developing regions,7,81,https://restcountries.eu/data/lka.svg,1990,3525
Asia,Sri Lanka,Developing regions,7,81,https://restcountries.eu/data/lka.svg,1991,7266
Asia,Sri Lanka,Developing regions,7,81,https://restcountries.eu/data/lka.svg,1992,13102
Asia,Sri Lanka,Developing regions,7,81,https://restcountries.eu/data/lka.svg,1993,9563
Asia,Sri Lanka,Developing regions,7,81,https://restcountries.eu/data/lka.svg,1994,7150
Asia,Sri Lanka,Developing regions,7,81,https://restcountries.eu/data/lka.svg,1995,9368
Asia,Sri Lanka,Developing regions,7,81,https://restcountries.eu/data/lka.svg,1996,6484
Asia,Sri Lanka,Developing regions,7,81,https://restcountries.eu/data/lka.svg,1997,5415
Asia,Sri Lanka,Developing regions,7,81,https://restcountries.eu/data/lka.svg,1998,3566
Asia,Sri Lanka,Developing regions,7,81,https://restcountries.eu/data/lka.svg,1999,4982
Asia,Sri Lanka,Developing regions,7,81,https://restcountries.eu/data/lka.svg,2000,6081
Asia,Sri Lanka,Developing regions,7,81,https://restcountries.eu/data/lka.svg,2001,5861
Asia,Sri Lanka,Developing regions,7,81,https://restcountries.eu/data/lka.svg,2002,5279
Asia,Sri Lanka,Developing regions,7,81,https://restcountries.eu/data/lka.svg,2003,4892
Asia,Sri Lanka,Developing regions,7,81,https://restcountries.eu/data/lka.svg,2004,4495
Asia,Sri Lanka,Developing regions,7,81,https://restcountries.eu/data/lka.svg,2005,4930
Asia,Sri Lanka,Developing regions,7,81,https://restcountries.eu/data/lka.svg,2006,4714
Asia,Sri Lanka,Developing regions,7,81,https://restcountries.eu/data/lka.svg,2007,4123
Asia,Sri Lanka,Developing regions,7,81,https://restcountries.eu/data/lka.svg,2008,4756
Asia,Sri Lanka,Developing regions,7,81,https://restcountries.eu/data/lka.svg,2009,4547
Asia,Sri Lanka,Developing regions,7,81,https://restcountries.eu/data/lka.svg,2010,4422
Asia,Sri Lanka,Developing regions,7,81,https://restcountries.eu/data/lka.svg,2011,3309
Asia,Sri Lanka,Developing regions,7,81,https://restcountries.eu/data/lka.svg,2012,3338
Asia,Sri Lanka,Developing regions,7,81,https://restcountries.eu/data/lka.svg,2013,2394
Europe,Ukraine,Developed regions,49,32,https://restcountries.eu/data/ukr.svg,1980,0
Europe,Ukraine,Developed regions,49,32,https://restcountries.eu/data/ukr.svg,1981,0
Europe,Ukraine,Developed regions,49,32,https://restcountries.eu/data/ukr.svg,1982,0
Europe,Ukraine,Developed regions,49,32,https://restcountries.eu/data/ukr.svg,1983,0
Europe,Ukraine,Developed regions,49,32,https://restcountries.eu/data/ukr.svg,1984,0
Europe,Ukraine,Developed regions,49,32,https://restcountries.eu/data/ukr.svg,1985,0
Europe,Ukraine,Developed regions,49,32,https://restcountries.eu/data/ukr.svg,1986,0
Europe,Ukraine,Developed regions,49,32,https://restcountries.eu/data/ukr.svg,1987,0
Europe,Ukraine,Developed regions,49,32,https://restcountries.eu/data/ukr.svg,1988,0
Europe,Ukraine,Developed regions,49,32,https://restcountries.eu/data/ukr.svg,1989,0
Europe,Ukraine,Developed regions,49,32,https://restcountries.eu/data/ukr.svg,1990,0
Europe,Ukraine,Developed regions,49,32,https://restcountries.eu/data/ukr.svg,1991,0
Europe,Ukraine,Developed regions,49,32,https://restcountries.eu/data/ukr.svg,1992,103
Europe,Ukraine,Developed regions,49,32,https://restcountries.eu/data/ukr.svg,1993,761
Europe,Ukraine,Developed regions,49,32,https://restcountries.eu/data/ukr.svg,1994,1289
Europe,Ukraine,Developed regions,49,32,https://restcountries.eu/data/ukr.svg,1995,1751
Europe,Ukraine,Developed regions,49,32,https://restcountries.eu/data/ukr.svg,1996,2684
Europe,Ukraine,Developed regions,49,32,https://restcountries.eu/data/ukr.svg,1997,2518
Europe,Ukraine,Developed regions,49,32,https://restcountries.eu/data/ukr.svg,1998,2702
Europe,Ukraine,Developed regions,49,32,https://restcountries.eu/data/ukr.svg,1999,2836
Europe,Ukraine,Developed regions,49,32,https://restcountries.eu/data/ukr.svg,2000,3351
Europe,Ukraine,Developed regions,49,32,https://restcountries.eu/data/ukr.svg,2001,3514
Europe,Ukraine,Developed regions,49,32,https://restcountries.eu/data/ukr.svg,2002,3520
Europe,Ukraine,Developed regions,49,32,https://restcountries.eu/data/ukr.svg,2003,2759
Europe,Ukraine,Developed regions,49,32,https://restcountries.eu/data/ukr.svg,2004,2431
Europe,Ukraine,Developed regions,49,32,https://restcountries.eu/data/ukr.svg,2005,2270
Europe,Ukraine,Developed regions,49,32,https://restcountries.eu/data/ukr.svg,2006,1973
Europe,Ukraine,Developed regions,49,32,https://restcountries.eu/data/ukr.svg,2007,2218
Europe,Ukraine,Developed regions,49,32,https://restcountries.eu/data/ukr.svg,2008,1937
Europe,Ukraine,Developed regions,49,32,https://restcountries.eu/data/ukr.svg,2009,2367
Europe,Ukraine,Developed regions,49,32,https://restcountries.eu/data/ukr.svg,2010,3159
Europe,Ukraine,Developed regions,49,32,https://restcountries.eu/data/ukr.svg,2011,2515
Europe,Ukraine,Developed regions,49,32,https://restcountries.eu/data/ukr.svg,2012,2265
Europe,Ukraine,Developed regions,49,32,https://restcountries.eu/data/ukr.svg,2013,2487
Europe,United Kingdom of Great Britain and Northern Ireland,Developed regions,54,-2,https://restcountries.eu/data/gbr.svg,1980,22045
Europe,United Kingdom of Great Britain and Northern Ireland,Developed regions,54,-2,https://restcountries.eu/data/gbr.svg,1981,24796
Europe,United Kingdom of Great Britain and Northern Ireland,Developed regions,54,-2,https://restcountries.eu/data/gbr.svg,1982,20620
Europe,United Kingdom of Great Britain and Northern Ireland,Developed regions,54,-2,https://restcountries.eu/data/gbr.svg,1983,10015
Europe,United Kingdom of Great Britain and Northern Ireland,Developed regions,54,-2,https://restcountries.eu/data/gbr.svg,1984,10170
Europe,United Kingdom of Great Britain and Northern Ireland,Developed regions,54,-2,https://restcountries.eu/data/gbr.svg,1985,9564
Europe,United Kingdom of Great Britain and Northern Ireland,Developed regions,54,-2,https://restcountries.eu/data/gbr.svg,1986,9470
Europe,United Kingdom of Great Britain and Northern Ireland,Developed regions,54,-2,https://restcountries.eu/data/gbr.svg,1987,21337
Europe,United Kingdom of Great Britain and Northern Ireland,Developed regions,54,-2,https://restcountries.eu/data/gbr.svg,1988,27359
Europe,United Kingdom of Great Britain and Northern Ireland,Developed regions,54,-2,https://restcountries.eu/data/gbr.svg,1989,23795
Europe,United Kingdom of Great Britain and Northern Ireland,Developed regions,54,-2,https://restcountries.eu/data/gbr.svg,1990,31668
Europe,United Kingdom of Great Britain and Northern Ireland,Developed regions,54,-2,https://restcountries.eu/data/gbr.svg,1991,23380
Europe,United Kingdom of Great Britain and Northern Ireland,Developed regions,54,-2,https://restcountries.eu/data/gbr.svg,1992,34123
Europe,United Kingdom of Great Britain and Northern Ireland,Developed regions,54,-2,https://restcountries.eu/data/gbr.svg,1993,33720
Europe,United Kingdom of Great Britain and Northern Ireland,Developed regions,54,-2,https://restcountries.eu/data/gbr.svg,1994,39231
Europe,United Kingdom of Great Britain and Northern Ireland,Developed regions,54,-2,https://restcountries.eu/data/gbr.svg,1995,30145
Europe,United Kingdom of Great Britain and Northern Ireland,Developed regions,54,-2,https://restcountries.eu/data/gbr.svg,1996,29322
Europe,United Kingdom of Great Britain and Northern Ireland,Developed regions,54,-2,https://restcountries.eu/data/gbr.svg,1997,22965
Europe,United Kingdom of Great Britain and Northern Ireland,Developed regions,54,-2,https://restcountries.eu/data/gbr.svg,1998,10367
Europe,United Kingdom of Great Britain and Northern Ireland,Developed regions,54,-2,https://restcountries.eu/data/gbr.svg,1999,7045
Europe,United Kingdom of Great Britain and Northern Ireland,Developed regions,54,-2,https://restcountries.eu/data/gbr.svg,2000,8840
Europe,United Kingdom of Great Britain and Northern Ireland,Developed regions,54,-2,https://restcountries.eu/data/gbr.svg,2001,11728
Europe,United Kingdom of Great Britain and Northern Ireland,Developed regions,54,-2,https://restcountries.eu/data/gbr.svg,2002,8046
Europe,United Kingdom of Great Britain and Northern Ireland,Developed regions,54,-2,https://restcountries.eu/data/gbr.svg,2003,6797
Europe,United Kingdom of Great Britain and Northern Ireland,Developed regions,54,-2,https://restcountries.eu/data/gbr.svg,2004,7533
Europe,United Kingdom of Great Britain and Northern Ireland,Developed regions,54,-2,https://restcountries.eu/data/gbr.svg,2005,7258
Europe,United Kingdom of Great Britain and Northern Ireland,Developed regions,54,-2,https://restcountries.eu/data/gbr.svg,2006,7140
Europe,United Kingdom of Great Britain and Northern Ireland,Developed regions,54,-2,https://restcountries.eu/data/gbr.svg,2007,8216
Europe,United Kingdom of Great Britain and Northern Ireland,Developed regions,54,-2,https://restcountries.eu/data/gbr.svg,2008,8979
Europe,United Kingdom of Great Britain and Northern Ireland,Developed regions,54,-2,https://restcountries.eu/data/gbr.svg,2009,8876
Europe,United Kingdom of Great Britain and Northern Ireland,Developed regions,54,-2,https://restcountries.eu/data/gbr.svg,2010,8724
Europe,United Kingdom of Great Britain and Northern Ireland,Developed regions,54,-2,https://restcountries.eu/data/gbr.svg,2011,6204
Europe,United Kingdom of Great Britain and Northern Ireland,Developed regions,54,-2,https://restcountries.eu/data/gbr.svg,2012,6195
Europe,United Kingdom of Great Britain and Northern Ireland,Developed regions,54,-2,https://restcountries.eu/data/gbr.svg,2013,5827
Northern America,United States of America,Developed regions,38,-97,https://restcountries.eu/data/usa.svg,1980,9378
Northern America,United States of America,Developed regions,38,-97,https://restcountries.eu/data/usa.svg,1981,10030
Northern America,United States of America,Developed regions,38,-97,https://restcountries.eu/data/usa.svg,1982,9074
Northern America,United States of America,Developed regions,38,-97,https://restcountries.eu/data/usa.svg,1983,7100
Northern America,United States of America,Developed regions,38,-97,https://restcountries.eu/data/usa.svg,1984,6661
Northern America,United States of America,Developed regions,38,-97,https://restcountries.eu/data/usa.svg,1985,6543
Northern America,United States of America,Developed regions,38,-97,https://restcountries.eu/data/usa.svg,1986,7074
Northern America,United States of America,Developed regions,38,-97,https://restcountries.eu/data/usa.svg,1987,7705
Northern America,United States of America,Developed regions,38,-97,https://restcountries.eu/data/usa.svg,1988,6469
Northern America,United States of America,Developed regions,38,-97,https://restcountries.eu/data/usa.svg,1989,6790
Northern America,United States of America,Developed regions,38,-97,https://restcountries.eu/data/usa.svg,1990,5892
Northern America,United States of America,Developed regions,38,-97,https://restcountries.eu/data/usa.svg,1991,6054
Northern America,United States of America,Developed regions,38,-97,https://restcountries.eu/data/usa.svg,1992,6842
Northern America,United States of America,Developed regions,38,-97,https://restcountries.eu/data/usa.svg,1993,7435
Northern America,United States of America,Developed regions,38,-97,https://restcountries.eu/data/usa.svg,1994,5901
Northern America,United States of America,Developed regions,38,-97,https://restcountries.eu/data/usa.svg,1995,4890
Northern America,United States of America,Developed regions,38,-97,https://restcountries.eu/data/usa.svg,1996,5515
Northern America,United States of America,Developed regions,38,-97,https://restcountries.eu/data/usa.svg,1997,4753
Northern America,United States of America,Developed regions,38,-97,https://restcountries.eu/data/usa.svg,1998,4437
Northern America,United States of America,Developed regions,38,-97,https://restcountries.eu/data/usa.svg,1999,5196
Northern America,United States of America,Developed regions,38,-97,https://restcountries.eu/data/usa.svg,2000,5433
Northern America,United States of America,Developed regions,38,-97,https://restcountries.eu/data/usa.svg,2001,5604
Northern America,United States of America,Developed regions,38,-97,https://restcountries.eu/data/usa.svg,2002,4948
Northern America,United States of America,Developed regions,38,-97,https://restcountries.eu/data/usa.svg,2003,5543
Northern America,United States of America,Developed regions,38,-97,https://restcountries.eu/data/usa.svg,2004,6990
Northern America,United States of America,Developed regions,38,-97,https://restcountries.eu/data/usa.svg,2005,8394
Northern America,United States of America,Developed regions,38,-97,https://restcountries.eu/data/usa.svg,2006,9613
Northern America,United States of America,Developed regions,38,-97,https://restcountries.eu/data/usa.svg,2007,9463
Northern America,United States of America,Developed regions,38,-97,https://restcountries.eu/data/usa.svg,2008,10190
Northern America,United States of America,Developed regions,38,-97,https://restcountries.eu/data/usa.svg,2009,8995
Northern America,United States of America,Developed regions,38,-97,https://restcountries.eu/data/usa.svg,2010,8142
Northern America,United States of America,Developed regions,38,-97,https://restcountries.eu/data/usa.svg,2011,7676
Northern America,United States of America,Developed regions,38,-97,https://restcountries.eu/data/usa.svg,2012,7891
Northern America,United States of America,Developed regions,38,-97,https://restcountries.eu/data/usa.svg,2013,8501
Asia,Viet Nam,Developing regions,16.16666666,107.8333333,https://restcountries.eu/data/vnm.svg,1980,1191
Asia,Viet Nam,Developing regions,16.16666666,107.8333333,https://restcountries.eu/data/vnm.svg,1981,1829
Asia,Viet Nam,Developing regions,16.16666666,107.8333333,https://restcountries.eu/data/vnm.svg,1982,2162
Asia,Viet Nam,Developing regions,16.16666666,107.8333333,https://restcountries.eu/data/vnm.svg,1983,3404
Asia,Viet Nam,Developing regions,16.16666666,107.8333333,https://restcountries.eu/data/vnm.svg,1984,7583
Asia,Viet Nam,Developing regions,16.16666666,107.8333333,https://restcountries.eu/data/vnm.svg,1985,5907
Asia,Viet Nam,Developing regions,16.16666666,107.8333333,https://restcountries.eu/data/vnm.svg,1986,2741
Asia,Viet Nam,Developing regions,16.16666666,107.8333333,https://restcountries.eu/data/vnm.svg,1987,1406
Asia,Viet Nam,Developing regions,16.16666666,107.8333333,https://restcountries.eu/data/vnm.svg,1988,1411
Asia,Viet Nam,Developing regions,16.16666666,107.8333333,https://restcountries.eu/data/vnm.svg,1989,3004
Asia,Viet Nam,Developing regions,16.16666666,107.8333333,https://restcountries.eu/data/vnm.svg,1990,3801
Asia,Viet Nam,Developing regions,16.16666666,107.8333333,https://restcountries.eu/data/vnm.svg,1991,5870
Asia,Viet Nam,Developing regions,16.16666666,107.8333333,https://restcountries.eu/data/vnm.svg,1992,5416
Asia,Viet Nam,Developing regions,16.16666666,107.8333333,https://restcountries.eu/data/vnm.svg,1993,6547
Asia,Viet Nam,Developing regions,16.16666666,107.8333333,https://restcountries.eu/data/vnm.svg,1994,5105
Asia,Viet Nam,Developing regions,16.16666666,107.8333333,https://restcountries.eu/data/vnm.svg,1995,3723
Asia,Viet Nam,Developing regions,16.16666666,107.8333333,https://restcountries.eu/data/vnm.svg,1996,2462
Asia,Viet Nam,Developing regions,16.16666666,107.8333333,https://restcountries.eu/data/vnm.svg,1997,1752
Asia,Viet Nam,Developing regions,16.16666666,107.8333333,https://restcountries.eu/data/vnm.svg,1998,1631
Asia,Viet Nam,Developing regions,16.16666666,107.8333333,https://restcountries.eu/data/vnm.svg,1999,1419
Asia,Viet Nam,Developing regions,16.16666666,107.8333333,https://restcountries.eu/data/vnm.svg,2000,1803
Asia,Viet Nam,Developing regions,16.16666666,107.8333333,https://restcountries.eu/data/vnm.svg,2001,2117
Asia,Viet Nam,Developing regions,16.16666666,107.8333333,https://restcountries.eu/data/vnm.svg,2002,2291
Asia,Viet Nam,Developing regions,16.16666666,107.8333333,https://restcountries.eu/data/vnm.svg,2003,1713
Asia,Viet Nam,Developing regions,16.16666666,107.8333333,https://restcountries.eu/data/vnm.svg,2004,1816
Asia,Viet Nam,Developing regions,16.16666666,107.8333333,https://restcountries.eu/data/vnm.svg,2005,1852
Asia,Viet Nam,Developing regions,16.16666666,107.8333333,https://restcountries.eu/data/vnm.svg,2006,3153
Asia,Viet Nam,Developing regions,16.16666666,107.8333333,https://restcountries.eu/data/vnm.svg,2007,2574
Asia,Viet Nam,Developing regions,16.16666666,107.8333333,https://restcountries.eu/data/vnm.svg,2008,1784
Asia,Viet Nam,Developing regions,16.16666666,107.8333333,https://restcountries.eu/data/vnm.svg,2009,2171
Asia,Viet Nam,Developing regions,16.16666666,107.8333333,https://restcountries.eu/data/vnm.svg,2010,1942
Asia,Viet Nam,Developing regions,16.16666666,107.8333333,https://restcountries.eu/data/vnm.svg,2011,1723
Asia,Viet Nam,Developing regions,16.16666666,107.8333333,https://restcountries.eu/data/vnm.svg,2012,1731
Asia,Viet Nam,Developing regions,16.16666666,107.8333333,https://restcountries.eu/data/vnm.svg,2013,2112
